EXAMPLE_ID,RANK_1,RANK_2,RANK_3,RANK_4,RANK_5
valid_0001,DEPOSIT METAL SEED,DEPOSIT TUNGSTEN SEED,DEPOSIT BARRIER METAL,WAFER CLEAN PRE PROCESS,GATE OXIDE PREP
valid_0002,CLEAN PAD OPENING,MEASURE PAD OPENING,PASSIVATION ETCH,CLEAN AFTER POLY ETCH,CLEAN AFTER VIA ETCH
valid_0003,MEASURE VIA CD,DEPOSIT BARRIER METAL,DEPOSIT METAL 1,CLEAN AFTER VIA ETCH,BACKSIDE CLEAN
valid_0004,PASSIVATION ETCH,PASSIVATION ETCH PAD OPENING,METAL PATTERN INSPECTION,CLEAN PAD OPENING,PATTERN INSPECTION LEVEL 1
valid_0005,MEASURE VIA CD,DEPOSIT BARRIER METAL,DEPOSIT METAL 1,CLEAN AFTER VIA ETCH,BACKSIDE CLEAN
valid_0006,PASSIVATION ETCH,PASSIVATION ETCH PAD OPENING,ALIGN MASK LEVEL 5,DEVELOP PAD WINDOW,MEASURE PAD OPENING
valid_0007,MEASURE VIA CD,DEPOSIT BARRIER METAL,DEPOSIT METAL 1,CLEAN AFTER VIA ETCH,BREAKDOWN VOLTAGE TEST
valid_0008,PASSIVATION ETCH,PASSIVATION ETCH PAD OPENING,METAL PATTERN INSPECTION,INSPECT PATTERN LEVEL 3,DENSIFY OXIDE
valid_0009,MEASURE VIA CD,DEPOSIT BARRIER METAL,DEPOSIT METAL 1,CLEAN AFTER VIA ETCH,RAPID THERMAL ANNEAL
valid_0010,STRIP PHOTORESIST,STRIP RESIST,CLEAN AFTER VIA ETCH,ELECTRICAL PARAMETRIC TEST,STRIP RESIST LEVEL 5
valid_0011,MEASURE VIA CD,DEPOSIT BARRIER METAL,DEPOSIT METAL 1,CLEAN AFTER VIA ETCH,RAPID THERMAL ANNEAL
valid_0012,PASSIVATION ETCH,PASSIVATION ETCH PAD OPENING,CLEAN PAD OPENING,METAL PATTERN INSPECTION,STRIP PHOTORESIST
valid_0013,MEASURE VIA CD,DEPOSIT BARRIER METAL,DEPOSIT METAL 1,CLEAN AFTER VIA ETCH,RAPID THERMAL ANNEAL
valid_0014,STRIP PHOTORESIST,STRIP RESIST,CLEAN AFTER VIA ETCH,ELECTRICAL PARAMETRIC TEST,STRIP RESIST LEVEL 5
valid_0015,MEASURE VIA CD,DEPOSIT BARRIER METAL,CLEAN AFTER VIA ETCH,DEPOSIT METAL 1,RAPID THERMAL ANNEAL
valid_0016,STRIP PHOTORESIST,STRIP RESIST,STRIP RESIST LEVEL 5,MEASURE THICKNESS,PASSIVATION ETCH PAD OPENING
valid_0017,CLEAN AFTER VIA ETCH,MEASURE VIA CD,DEPOSIT BARRIER METAL,VIA INSPECTION,MEASURE DIELECTRIC THICKNESS
valid_0018,PASSIVATION ETCH,PASSIVATION ETCH PAD OPENING,METAL PATTERN INSPECTION,INSPECT PATTERN LEVEL 3,DENSIFY OXIDE
valid_0019,DEPOSIT BARRIER METAL,DEPOSIT METAL SEED,MEASURE VIA CD,ALIGN MASK LEVEL 1,CMP METAL
valid_0020,STRIP PHOTORESIST,STRIP RESIST,MEASURE THICKNESS,MEASURE WAFER THICKNESS,PASSIVATION ETCH PAD OPENING
valid_0021,CLEAN AFTER VIA ETCH,MEASURE VIA CD,DEPOSIT BARRIER METAL,VIA INSPECTION,CLEAN AFTER POLY ETCH
valid_0022,DEVELOP PAD WINDOW,DEVELOP PHOTORESIST,POST EXPOSE BAKE,PAD WINDOW LITHO,MEASURE OPENING CD
valid_0023,CLEAN AFTER VIA ETCH,MEASURE VIA CD,DEPOSIT BARRIER METAL,VIA ETCH THROUGH DIELECTRIC,CLEAN AFTER POLY ETCH
valid_0024,PASSIVATION ETCH PAD OPENING,PASSIVATION ETCH,ALIGN MASK LEVEL 5,DEVELOP PAD WINDOW,MEASURE PAD OPENING
valid_0025,CLEAN AFTER VIA ETCH,CLEAN AFTER POLY ETCH,VIA ETCH THROUGH DIELECTRIC,MEASURE VIA CD,VIA INSPECTION
valid_0026,DEVELOP PAD WINDOW,DEVELOP PHOTORESIST,POST EXPOSE BAKE,OPEN PAD WINDOW LITHO,ELECTRICAL PARAMETRIC TEST
valid_0027,STRIP PHOTORESIST,STRIP RESIST,DIELECTRIC ETCH VIA,STRIP RESIST LEVEL 4,LOT IDENTIFICATION
valid_0028,PAD WINDOW LITHO,OPEN PAD WINDOW LITHO,OPEN PAD WINDOW,DEVELOP PAD WINDOW,DEVELOP PHOTORESIST
valid_0029,STRIP PHOTORESIST,STRIP RESIST,VIA ETCH THROUGH DIELECTRIC,RAPID THERMAL ANNEAL,STRIP RESIST LEVEL 4
valid_0030,DEVELOP PAD WINDOW,DEVELOP PHOTORESIST,POST EXPOSE BAKE,OPEN PAD WINDOW LITHO,MEASURE OPENING CD
valid_0031,MEASURE VIA CD,DEPOSIT BARRIER METAL,DEPOSIT METAL 1,CLEAN AFTER VIA ETCH,RAPID THERMAL ANNEAL
valid_0032,STRIP PHOTORESIST,STRIP RESIST,CLEAN AFTER VIA ETCH,ELECTRICAL PARAMETRIC TEST,GATE OXIDE GROWTH
valid_0033,FILL VIA METAL,FILL VIA TUNGSTEN,DEPOSIT METAL 1,SHIP LOT,CMP VIA FILL
valid_0034,STRIP PHOTORESIST,STRIP RESIST,PASSIVATION ETCH PAD OPENING,STRIP RESIST LEVEL 5,MEASURE THICKNESS
valid_0035,DEPOSIT BARRIER METAL,MEASURE VIA CD,DEPOSIT METAL SEED,ALIGN MASK LEVEL 1,CMP METAL
valid_0036,CLEAN PAD OPENING,MEASURE PAD OPENING,PASSIVATION ETCH,ALIGN MASK LEVEL 3,CLEAN AFTER VIA ETCH
valid_0037,MEASURE VIA CD,DEPOSIT BARRIER METAL,DEPOSIT METAL 1,CLEAN AFTER VIA ETCH,BACKSIDE CLEAN
valid_0038,STRIP PHOTORESIST,STRIP RESIST,CLEAN AFTER VIA ETCH,ELECTRICAL PARAMETRIC TEST,STRIP RESIST LEVEL 5
valid_0039,CMP VIA FILL,CMP METAL,MEASURE CONTACT RESISTANCE,MEASURE VIA RESISTANCE,DEPOSIT BARRIER METAL
valid_0040,MEASURE PAD OPENING,BACKSIDE THINNING CHECK,BACKSIDE CLEAN,BACKSIDE CLEAN FINAL,CLEAN PAD OPENING
valid_0041,MEASURE VIA CD,DEPOSIT BARRIER METAL,CLEAN AFTER VIA ETCH,DEPOSIT METAL 1,DEPOSIT POLYSILICON
valid_0042,DEVELOP PAD WINDOW,DEVELOP PHOTORESIST,POST EXPOSE BAKE,OPEN PAD WINDOW LITHO,MEASURE OPENING CD
valid_0043,MEASURE VIA CD,DEPOSIT BARRIER METAL,DEPOSIT METAL 1,CLEAN AFTER VIA ETCH,BACKSIDE CLEAN
valid_0044,PASSIVATION ETCH,PASSIVATION ETCH PAD OPENING,CLEAN PAD OPENING,METAL PATTERN INSPECTION,PATTERN INSPECTION LEVEL 1
valid_0045,MEASURE VIA CD,DEPOSIT BARRIER METAL,DEPOSIT METAL 1,CLEAN AFTER VIA ETCH,BACKSIDE CLEAN
valid_0046,PASSIVATION ETCH PAD OPENING,PASSIVATION ETCH,ALIGN MASK LEVEL 5,DEVELOP PAD WINDOW,MEASURE PAD OPENING
valid_0047,DEPOSIT METAL SEED,DEPOSIT BARRIER METAL,WAFER CLEAN PRE PROCESS,MEASURE BACKSIDE CONTACT,DEPOSIT GATE OXIDE OR DIELECTRIC
valid_0048,STRIP PHOTORESIST,STRIP RESIST,ELECTRICAL PARAMETRIC TEST,CLEAN AFTER VIA ETCH,MEASURE THICKNESS
valid_0049,DEPOSIT BARRIER METAL,MEASURE VIA CD,DEPOSIT METAL SEED,CMP METAL,ALIGN MASK LEVEL 1
valid_0050,PASSIVATION ETCH PAD OPENING,PASSIVATION ETCH,MEASURE PAD OPENING,CLEAN PAD OPENING,DEVELOP PAD WINDOW
valid_0051,DEPOSIT BARRIER METAL,DEPOSIT METAL SEED,MEASURE VIA CD,ALIGN MASK LEVEL 1,CMP METAL
valid_0052,STRIP PHOTORESIST,STRIP RESIST,MEASURE THICKNESS,MEASURE WAFER THICKNESS,CLEAN AFTER VIA ETCH
valid_0053,CLEAN AFTER VIA ETCH,MEASURE VIA CD,DEPOSIT BARRIER METAL,VIA INSPECTION,MEASURE DIELECTRIC THICKNESS
valid_0054,PASSIVATION ETCH,PASSIVATION ETCH PAD OPENING,IMPLANT CHANNEL STOP,MEASURE PAD OPENING,DEVELOP PAD WINDOW
valid_0055,DEPOSIT METAL SEED,DEPOSIT BARRIER METAL,DEPOSIT TUNGSTEN SEED,HARD BAKE,GATE OXIDE PREP
valid_0056,CLEAN PAD OPENING,MEASURE PAD OPENING,ALIGN MASK LEVEL 3,CLEAN AFTER VIA ETCH,PASSIVATION ETCH
valid_0057,STRIP PHOTORESIST,STRIP RESIST,MEASURE PASSIVATION QUALITY,DIELECTRIC ETCH VIA,STRIP RESIST LEVEL 4
valid_0058,STRIP PHOTORESIST,STRIP RESIST,PASSIVATION ETCH PAD OPENING,STRIP RESIST LEVEL 5,VIA ETCH THROUGH DIELECTRIC
valid_0059,MEASURE VIA CD,DEPOSIT BARRIER METAL,DEPOSIT METAL 1,CLEAN AFTER VIA ETCH,BACKSIDE CLEAN
valid_0060,PASSIVATION ETCH,PASSIVATION ETCH PAD OPENING,ALIGN MASK LEVEL 5,DEVELOP PAD WINDOW,MEASURE PAD OPENING
valid_0061,DEPOSIT BARRIER METAL,MEASURE VIA CD,DEPOSIT METAL SEED,DEPOSIT GATE OXIDE OR DIELECTRIC,ALIGN MASK LEVEL 1
valid_0062,DEVELOP PAD WINDOW,DEVELOP PHOTORESIST,POST EXPOSE BAKE,PAD WINDOW LITHO,MEASURE OPENING CD
valid_0063,STRIP PHOTORESIST,STRIP RESIST,VIA ETCH,STRIP RESIST LEVEL 4,DENSIFY DIELECTRIC
valid_0064,DEVELOP PAD WINDOW,DEVELOP PHOTORESIST,POST EXPOSE BAKE,PAD WINDOW LITHO,OXIDE ETCH
valid_0065,MEASURE VIA CD,DEPOSIT BARRIER METAL,CLEAN AFTER VIA ETCH,DEPOSIT METAL 1,RAPID THERMAL ANNEAL
valid_0066,PASSIVATION ETCH,PASSIVATION ETCH PAD OPENING,METAL PATTERN INSPECTION,CLEAN PAD OPENING,OPEN BOND PAD WINDOW
valid_0067,CLEAN AFTER VIA ETCH,VIA ETCH THROUGH DIELECTRIC,VIA INSPECTION,MEASURE VIA CD,CLEAN AFTER POLY ETCH
valid_0068,STRIP PHOTORESIST,STRIP RESIST,MEASURE THICKNESS,VIA ETCH THROUGH DIELECTRIC,MEASURE WAFER THICKNESS
valid_0069,CLEAN AFTER VIA ETCH,DEPOSIT BARRIER METAL,MEASURE VIA CD,VIA INSPECTION,MEASURE DIELECTRIC THICKNESS
valid_0070,PASSIVATION ETCH,PASSIVATION ETCH PAD OPENING,ALIGN MASK LEVEL 5,WET CLEAN RCA2,IMPLANT CHANNEL STOP
valid_0071,CLEAN AFTER VIA ETCH,DEPOSIT BARRIER METAL,MEASURE VIA CD,VIA INSPECTION,CLEAN AFTER POLY ETCH
valid_0072,PASSIVATION ETCH PAD OPENING,PASSIVATION ETCH,DEVELOP PAD WINDOW,EPITAXIAL LAYER PREP,IMPLANT CHANNEL STOP
valid_0073,MEASURE VIA CD,DEPOSIT BARRIER METAL,DEPOSIT METAL 1,CLEAN AFTER VIA ETCH,BACKSIDE CLEAN
valid_0074,STRIP PHOTORESIST,STRIP RESIST,MEASURE THICKNESS,PASSIVATION ETCH PAD OPENING,MEASURE WAFER THICKNESS
valid_0075,MEASURE VIA CD,DEPOSIT BARRIER METAL,DEPOSIT METAL 1,DEPOSIT POLYSILICON,MEASURE SHEET RESISTANCE
valid_0076,PASSIVATION ETCH,PASSIVATION ETCH PAD OPENING,BACKSIDE GRIND,DEVELOP PAD WINDOW,MEASURE PAD OPENING
valid_0077,CLEAN AFTER VIA ETCH,DEPOSIT BARRIER METAL,MEASURE VIA CD,MEASURE DIELECTRIC THICKNESS,CLEAN AFTER POLY ETCH
valid_0078,STRIP PHOTORESIST,STRIP RESIST,MEASURE THICKNESS,STRIP RESIST LEVEL 5,MEASURE WAFER THICKNESS
valid_0079,MEASURE VIA CD,DEPOSIT BARRIER METAL,DEPOSIT METAL 1,CLEAN AFTER VIA ETCH,BACKSIDE CLEAN
valid_0080,STRIP PHOTORESIST,STRIP RESIST,VIA ETCH THROUGH DIELECTRIC,MEASURE THICKNESS,STRIP RESIST LEVEL 5
valid_0081,DEPOSIT BARRIER METAL,MEASURE VIA CD,DEPOSIT METAL SEED,ALIGN MASK LEVEL 1,CMP METAL
valid_0082,STRIP PHOTORESIST,STRIP RESIST,STRIP RESIST LEVEL 5,GATE OXIDE GROWTH,CLEAN AFTER VIA ETCH
valid_0083,STRIP PHOTORESIST,STRIP RESIST,STRIP RESIST LEVEL 4,VIA ETCH THROUGH DIELECTRIC,EXPOSE LITHO LEVEL 4
valid_0084,PASSIVATION ETCH,PASSIVATION ETCH PAD OPENING,ALIGN MASK LEVEL 5,DEVELOP PAD WINDOW,MEASURE PAD OPENING
valid_0085,MEASURE VIA CD,DEPOSIT BARRIER METAL,CLEAN AFTER VIA ETCH,DEPOSIT METAL 1,DEPOSIT POLYSILICON
valid_0086,CLEAN PAD OPENING,MEASURE PAD OPENING,PASSIVATION ETCH,CLEAN AFTER POLY ETCH,ALIGN MASK LEVEL 3
valid_0087,HARD BAKE,VIA ETCH THROUGH DIELECTRIC,DIELECTRIC ETCH VIA,VIA ETCH,VIA INSPECTION
valid_0088,PAD WINDOW LITHO,OPEN PAD WINDOW LITHO,OPEN PAD WINDOW,BACKSIDE DRY,CURE PASSIVATION
valid_0089,CLEAN AFTER VIA ETCH,DEPOSIT BARRIER METAL,MEASURE VIA CD,CLEAN AFTER POLY ETCH,VIA INSPECTION
valid_0090,STRIP PHOTORESIST,STRIP RESIST,CLEAN AFTER VIA ETCH,MEASURE THICKNESS,GATE OXIDE GROWTH
valid_0091,MEASURE VIA CD,DEPOSIT BARRIER METAL,DEPOSIT METAL 1,CLEAN AFTER VIA ETCH,BACKSIDE CLEAN
valid_0092,DEVELOP PAD WINDOW,DEVELOP PHOTORESIST,POST EXPOSE BAKE,PAD WINDOW LITHO,ELECTRICAL PARAMETRIC TEST
valid_0093,STRIP PHOTORESIST,STRIP RESIST,VIA ETCH THROUGH DIELECTRIC,STRIP RESIST LEVEL 3,STRIP RESIST LEVEL 4
valid_0094,STRIP PHOTORESIST,STRIP RESIST,PASSIVATION ETCH,CLEAN AFTER VIA ETCH,STRIP RESIST LEVEL 5
valid_0095,MEASURE VIA CD,DEPOSIT BARRIER METAL,CLEAN AFTER VIA ETCH,DEPOSIT METAL 1,BREAKDOWN VOLTAGE TEST
valid_0096,STRIP PHOTORESIST,STRIP RESIST,MEASURE THICKNESS,PASSIVATION ETCH PAD OPENING,MEASURE WAFER THICKNESS
valid_0097,CLEAN AFTER VIA ETCH,VIA INSPECTION,MEASURE VIA CD,DEPOSIT BARRIER METAL,VIA ETCH THROUGH DIELECTRIC
valid_0098,PASSIVATION ETCH,PASSIVATION ETCH PAD OPENING,ALIGN MASK LEVEL 5,DEVELOP PAD WINDOW,MEASURE PAD OPENING
valid_0099,FILL VIA METAL,FILL VIA TUNGSTEN,DEPOSIT METAL 1,OPEN BOND PAD WINDOW,DEPOSIT TOP METAL
valid_0100,CLEAN PAD OPENING,MEASURE PAD OPENING,PASSIVATION ETCH,CLEAN AFTER VIA ETCH,ELECTRICAL PARAMETRIC TEST
valid_0101,CLEAN AFTER VIA ETCH,DEPOSIT BARRIER METAL,MEASURE VIA CD,VIA INSPECTION,CLEAN PAD OPENING
valid_0102,STRIP PHOTORESIST,STRIP RESIST,STRIP RESIST LEVEL 5,PASSIVATION ETCH PAD OPENING,MEASURE THICKNESS
valid_0103,DEPOSIT BARRIER METAL,MEASURE VIA CD,DEPOSIT METAL SEED,ALIGN MASK LEVEL 1,CMP METAL
valid_0104,PASSIVATION ETCH,PASSIVATION ETCH PAD OPENING,CLEAN PAD OPENING,PATTERN INSPECTION LEVEL 1,METAL PATTERN INSPECTION
valid_0105,DEPOSIT BARRIER METAL,DEPOSIT METAL SEED,MEASURE VIA CD,CMP METAL,ALIGN MASK LEVEL 1
valid_0106,STRIP PHOTORESIST,STRIP RESIST,MEASURE THICKNESS,MEASURE WAFER THICKNESS,PASSIVATION ETCH PAD OPENING
valid_0107,DEPOSIT METAL SEED,DEPOSIT BARRIER METAL,GATE OXIDE PREP,DEPOSIT TUNGSTEN SEED,FILL VIA METAL
valid_0108,PASSIVATION ETCH,PASSIVATION ETCH PAD OPENING,ALIGN MASK LEVEL 5,MEASURE PAD OPENING,EPITAXIAL LAYER PREP
valid_0109,CLEAN AFTER VIA ETCH,CLEAN AFTER POLY ETCH,DEPOSIT BARRIER METAL,MEASURE VIA CD,CLEAN AFTER METAL ETCH
valid_0110,DEVELOP PAD WINDOW,DEVELOP PHOTORESIST,POST EXPOSE BAKE,PAD WINDOW LITHO,MEASURE OPENING CD
valid_0111,CLEAN AFTER VIA ETCH,VIA INSPECTION,MEASURE VIA CD,MEASURE DIELECTRIC THICKNESS,DEPOSIT BARRIER METAL
valid_0112,STRIP PHOTORESIST,STRIP RESIST,CLEAN AFTER VIA ETCH,STRIP RESIST LEVEL 5,ELECTRICAL PARAMETRIC TEST
valid_0113,MEASURE VIA CD,DEPOSIT BARRIER METAL,DEPOSIT METAL 1,CLEAN AFTER VIA ETCH,BACKSIDE CLEAN
valid_0114,CLEAN PAD OPENING,MEASURE PAD OPENING,PASSIVATION ETCH,CLEAN AFTER VIA ETCH,ELECTRICAL PARAMETRIC TEST
valid_0115,MEASURE VIA CD,DEPOSIT BARRIER METAL,CLEAN AFTER VIA ETCH,DEPOSIT METAL 1,RAPID THERMAL ANNEAL
valid_0116,STRIP PHOTORESIST,STRIP RESIST,CLEAN AFTER VIA ETCH,GATE OXIDE GROWTH,MEASURE THICKNESS
valid_0117,CLEAN AFTER VIA ETCH,DEPOSIT BARRIER METAL,MEASURE VIA CD,VIA INSPECTION,CLEAN AFTER POLY ETCH
valid_0118,PASSIVATION ETCH,PASSIVATION ETCH PAD OPENING,ALIGN MASK LEVEL 5,MEASURE PAD OPENING,DEVELOP PAD WINDOW
valid_0119,DEPOSIT BARRIER METAL,ALIGN MASK LEVEL 1,MEASURE VIA CD,DEPOSIT METAL SEED,CMP METAL
valid_0120,CLEAN PAD OPENING,PASSIVATION ETCH,MEASURE PAD OPENING,CLEAN AFTER VIA ETCH,PASSIVATION ETCH PAD OPENING
valid_0121,MEASURE VIA CD,DEPOSIT BARRIER METAL,DEPOSIT METAL 1,CLEAN AFTER VIA ETCH,BACKSIDE ANNEAL
valid_0122,PASSIVATION ETCH,PASSIVATION ETCH PAD OPENING,DEVELOP PAD WINDOW,MEASURE PAD OPENING,EPITAXIAL LAYER PREP
valid_0123,FILL VIA METAL,FILL VIA TUNGSTEN,STRIP PHOTORESIST,DEPOSIT METAL 1,DEPOSIT TOP METAL
valid_0124,CLEAN PAD OPENING,PASSIVATION ETCH,MEASURE PAD OPENING,PASSIVATION ETCH PAD OPENING,ALIGN MASK LEVEL 3
valid_0125,MEASURE VIA CD,DEPOSIT BARRIER METAL,DEPOSIT METAL 1,BACKSIDE CLEAN,CLEAN AFTER VIA ETCH
valid_0126,STRIP PHOTORESIST,STRIP RESIST,MEASURE THICKNESS,VIA ETCH THROUGH DIELECTRIC,MEASURE WAFER THICKNESS
valid_0127,CLEAN AFTER VIA ETCH,DEPOSIT BARRIER METAL,MEASURE VIA CD,VIA INSPECTION,MEASURE DIELECTRIC THICKNESS
valid_0128,STRIP PHOTORESIST,STRIP RESIST,PASSIVATION ETCH PAD OPENING,STRIP RESIST LEVEL 5,BACKSIDE METALLIZATION PREP
valid_0129,VIA ETCH THROUGH DIELECTRIC,HARD BAKE,VIA ETCH,DIELECTRIC ETCH VIA,VIA OPENING INSPECTION
valid_0130,DEVELOP PAD WINDOW,DEVELOP PHOTORESIST,POST EXPOSE BAKE,OPEN PAD WINDOW LITHO,MEASURE SURFACE PLANARITY
valid_0131,DEPOSIT METAL SEED,DEPOSIT TUNGSTEN SEED,DEPOSIT BARRIER METAL,GATE OXIDE PREP,DEPOSIT GATE OXIDE OR DIELECTRIC
valid_0132,CLEAN PAD OPENING,MEASURE PAD OPENING,CLEAN AFTER VIA ETCH,ALIGN MASK LEVEL 3,PASSIVATION ETCH
valid_0133,DEPOSIT METAL SEED,DEPOSIT BARRIER METAL,GATE OXIDE PREP,DEPOSIT TUNGSTEN SEED,DEPOSIT GATE OXIDE OR DIELECTRIC
valid_0134,CLEAN PAD OPENING,MEASURE PAD OPENING,PASSIVATION ETCH,PASSIVATION ETCH PAD OPENING,ELECTRICAL PARAMETRIC TEST
valid_0135,DEPOSIT METAL SEED,DEPOSIT TUNGSTEN SEED,DEPOSIT BARRIER METAL,WAFER CLEAN PRE PROCESS,GATE OXIDE PREP
valid_0136,CLEAN PAD OPENING,PASSIVATION ETCH,MEASURE PAD OPENING,CLEAN AFTER VIA ETCH,PASSIVATION ETCH PAD OPENING
valid_0137,MEASURE VIA CD,DEPOSIT BARRIER METAL,DEPOSIT METAL 1,BACKSIDE CLEAN,CLEAN AFTER VIA ETCH
valid_0138,PASSIVATION ETCH,PASSIVATION ETCH PAD OPENING,ALIGN MASK LEVEL 5,MEASURE PAD OPENING,DEVELOP PAD WINDOW
valid_0139,CLEAN AFTER VIA ETCH,DEPOSIT BARRIER METAL,MEASURE VIA CD,VIA INSPECTION,CLEAN AFTER POLY ETCH
valid_0140,STRIP PHOTORESIST,STRIP RESIST,CLEAN AFTER VIA ETCH,GATE OXIDE GROWTH,STRIP RESIST LEVEL 5
valid_0141,DEPOSIT BARRIER METAL,MEASURE VIA CD,DEPOSIT METAL SEED,ALIGN MASK LEVEL 1,BREAKDOWN VOLTAGE TEST
valid_0142,STRIP PHOTORESIST,STRIP RESIST,ELECTRICAL PARAMETRIC TEST,GATE OXIDE GROWTH,CLEAN AFTER VIA ETCH
valid_0143,DEPOSIT METAL SEED,DEPOSIT BARRIER METAL,GATE OXIDE PREP,DEPOSIT TUNGSTEN SEED,WAFER CLEAN PRE PROCESS
valid_0144,PASSIVATION ETCH,PASSIVATION ETCH PAD OPENING,CLEAN PAD OPENING,METAL PATTERN INSPECTION,PATTERN INSPECTION LEVEL 1
valid_0145,MEASURE VIA CD,DEPOSIT BARRIER METAL,DEPOSIT METAL 1,CLEAN AFTER VIA ETCH,BACKSIDE CLEAN
valid_0146,PASSIVATION ETCH,PASSIVATION ETCH PAD OPENING,METAL PATTERN INSPECTION,PATTERN INSPECTION LEVEL 1,CLEAN PAD OPENING
valid_0147,MEASURE VIA CD,DEPOSIT BARRIER METAL,DEPOSIT METAL 1,CLEAN AFTER VIA ETCH,BACKSIDE CLEAN
valid_0148,STRIP PHOTORESIST,STRIP RESIST,CLEAN AFTER VIA ETCH,ELECTRICAL PARAMETRIC TEST,STRIP RESIST LEVEL 5
valid_0149,MEASURE VIA CD,DEPOSIT BARRIER METAL,BACKSIDE CLEAN,BACKSIDE ANNEAL,DEPOSIT METAL 1
valid_0150,STRIP PHOTORESIST,STRIP RESIST,MEASURE THICKNESS,MEASURE WAFER THICKNESS,PASSIVATION ETCH PAD OPENING
valid_0151,MEASURE VIA CD,DEPOSIT BARRIER METAL,DEPOSIT METAL 1,MEASURE CD LEVEL 1,CLEAN AFTER VIA ETCH
valid_0152,DEVELOP PAD WINDOW,DEVELOP PHOTORESIST,POST EXPOSE BAKE,MEASURE OPENING CD,OPEN PAD WINDOW LITHO
valid_0153,MEASURE VIA CD,DEPOSIT BARRIER METAL,CLEAN AFTER VIA ETCH,DEPOSIT METAL 1,RAPID THERMAL ANNEAL
valid_0154,DEVELOP PAD WINDOW,DEVELOP PHOTORESIST,POST EXPOSE BAKE,PAD WINDOW LITHO,MEASURE OPENING CD
valid_0155,CLEAN AFTER VIA ETCH,CLEAN AFTER POLY ETCH,MEASURE VIA CD,VIA INSPECTION,VIA ETCH THROUGH DIELECTRIC
valid_0156,STRIP PHOTORESIST,STRIP RESIST,STRIP RESIST LEVEL 5,MEASURE THICKNESS,PASSIVATION ETCH PAD OPENING
valid_0157,DEPOSIT BARRIER METAL,MEASURE VIA CD,DEPOSIT METAL SEED,ALIGN MASK LEVEL 1,DEPOSIT METAL 1
valid_0158,PASSIVATION ETCH,PASSIVATION ETCH PAD OPENING,ALIGN MASK LEVEL 5,DEVELOP PAD WINDOW,MEASURE PAD OPENING
valid_0159,MEASURE VIA CD,DEPOSIT BARRIER METAL,DEPOSIT METAL 1,CLEAN AFTER VIA ETCH,BACKSIDE CLEAN
valid_0160,STRIP PHOTORESIST,STRIP RESIST,CLEAN AFTER VIA ETCH,ELECTRICAL PARAMETRIC TEST,STRIP RESIST LEVEL 5
valid_0161,STRIP PHOTORESIST,STRIP RESIST,VIA ETCH THROUGH DIELECTRIC,VIA OPENING INSPECTION,DEVELOP PHOTORESIST
valid_0162,DEVELOP PAD WINDOW,DEVELOP PHOTORESIST,POST EXPOSE BAKE,OPEN PAD WINDOW LITHO,PASSIVATION ETCH PAD OPENING
valid_0163,MEASURE VIA CD,DEPOSIT BARRIER METAL,DEPOSIT METAL 1,CLEAN AFTER VIA ETCH,BACKSIDE CLEAN
valid_0164,STRIP PHOTORESIST,STRIP RESIST,CLEAN AFTER VIA ETCH,ELECTRICAL PARAMETRIC TEST,GATE OXIDE GROWTH
valid_0165,MEASURE VIA CD,DEPOSIT BARRIER METAL,CLEAN AFTER VIA ETCH,DEPOSIT METAL 1,RAPID THERMAL ANNEAL
valid_0166,STRIP PHOTORESIST,STRIP RESIST,ELECTRICAL PARAMETRIC TEST,CLEAN AFTER VIA ETCH,MEASURE THICKNESS
valid_0167,DEPOSIT BARRIER METAL,MEASURE VIA CD,DEPOSIT METAL SEED,ALIGN MASK LEVEL 1,DEPOSIT METAL 1
valid_0168,CLEAN PAD OPENING,MEASURE PAD OPENING,PASSIVATION ETCH,CLEAN AFTER POLY ETCH,CLEAN AFTER VIA ETCH
valid_0169,STRIP PHOTORESIST,STRIP RESIST,DIELECTRIC ETCH VIA,STRIP RESIST LEVEL 4,EXPOSE LITHO LEVEL 3
valid_0170,STRIP PHOTORESIST,STRIP RESIST,MEASURE THICKNESS,PASSIVATION ETCH PAD OPENING,MEASURE WAFER THICKNESS
valid_0171,DEPOSIT METAL SEED,DEPOSIT TUNGSTEN SEED,DEPOSIT BARRIER METAL,WAFER CLEAN PRE PROCESS,GATE OXIDE PREP
valid_0172,STRIP PHOTORESIST,STRIP RESIST,PASSIVATION ETCH PAD OPENING,POST EXPOSE BAKE,MEASURE THICKNESS
valid_0173,MEASURE VIA CD,DEPOSIT BARRIER METAL,DEPOSIT METAL 1,CLEAN AFTER VIA ETCH,BACKSIDE CLEAN
valid_0174,PASSIVATION ETCH,PASSIVATION ETCH PAD OPENING,CLEAN PAD OPENING,METAL PATTERN INSPECTION,PATTERN INSPECTION LEVEL 1
valid_0175,MEASURE VIA CD,DEPOSIT BARRIER METAL,BACKSIDE CLEAN,DEPOSIT METAL 1,BACKSIDE ANNEAL
valid_0176,STRIP PHOTORESIST,STRIP RESIST,CLEAN AFTER VIA ETCH,MEASURE THICKNESS,STRIP RESIST LEVEL 5
valid_0177,DEPOSIT METAL SEED,DEPOSIT BARRIER METAL,GATE OXIDE PREP,DEPOSIT TUNGSTEN SEED,FILL VIA METAL
valid_0178,STRIP PHOTORESIST,STRIP RESIST,STRIP RESIST LEVEL 5,CLEAN AFTER VIA ETCH,ELECTRICAL PARAMETRIC TEST
valid_0179,FILL VIA METAL,FILL VIA TUNGSTEN,RAPID THERMAL ANNEAL,WAFER CLEAN PRE-GRIND,OPEN BOND PAD WINDOW
valid_0180,MEASURE PAD OPENING,BACKSIDE THINNING CHECK,BACKSIDE CLEAN FINAL,BACKSIDE CLEAN,FINAL CLEAN
valid_0181,STRIP PHOTORESIST,STRIP RESIST,DIELECTRIC ETCH VIA,STRIP RESIST LEVEL 4,EXPOSE LITHO LEVEL 3
valid_0182,DEVELOP PAD WINDOW,DEVELOP PHOTORESIST,POST EXPOSE BAKE,PAD WINDOW LITHO,MEASURE OPENING CD
valid_0183,DEPOSIT BARRIER METAL,DEPOSIT METAL SEED,MEASURE VIA CD,ALIGN MASK LEVEL 1,CMP METAL
valid_0184,STRIP PHOTORESIST,STRIP RESIST,MEASURE THICKNESS,STRIP RESIST LEVEL 5,MEASURE WAFER THICKNESS
valid_0185,DEPOSIT BARRIER METAL,MEASURE VIA CD,DEPOSIT METAL SEED,ALIGN MASK LEVEL 1,DEPOSIT POLYSILICON
valid_0186,STRIP PHOTORESIST,STRIP RESIST,STRIP RESIST LEVEL 5,CLEAN AFTER VIA ETCH,DEPOSIT INTERLAYER DIELECTRIC
valid_0187,STRIP PHOTORESIST,STRIP RESIST,DIELECTRIC ETCH VIA,MEASURE PASSIVATION QUALITY,LOT IDENTIFICATION
valid_0188,STRIP PHOTORESIST,STRIP RESIST,ELECTRICAL PARAMETRIC TEST,CLEAN AFTER VIA ETCH,STRIP RESIST LEVEL 5
valid_0189,MEASURE VIA CD,DEPOSIT BARRIER METAL,DEPOSIT METAL 1,CLEAN AFTER VIA ETCH,BACKSIDE CLEAN
valid_0190,PASSIVATION ETCH,PASSIVATION ETCH PAD OPENING,ALIGN MASK LEVEL 5,MEASURE PAD OPENING,DEVELOP PAD WINDOW
valid_0191,VIA ETCH THROUGH DIELECTRIC,DIELECTRIC ETCH VIA,VIA ETCH,HARD BAKE,CLEAN AFTER VIA ETCH
valid_0192,STRIP PHOTORESIST,STRIP RESIST,PASSIVATION ETCH PAD OPENING,STRIP RESIST LEVEL 5,VIA ETCH THROUGH DIELECTRIC
valid_0193,CLEAN AFTER VIA ETCH,MEASURE DIELECTRIC THICKNESS,DEPOSIT BARRIER METAL,MEASURE VIA CD,CLEAN AFTER POLY ETCH
valid_0194,PASSIVATION ETCH PAD OPENING,PASSIVATION ETCH,METAL PATTERN INSPECTION,BACKSIDE GRIND,CLEAN PAD OPENING
valid_0195,MEASURE VIA CD,DEPOSIT BARRIER METAL,CLEAN AFTER VIA ETCH,DEPOSIT METAL 1,RAPID THERMAL ANNEAL
valid_0196,CLEAN PAD OPENING,MEASURE PAD OPENING,PASSIVATION ETCH,CLEAN AFTER VIA ETCH,CLEAN AFTER POLY ETCH
valid_0197,STRIP PHOTORESIST,STRIP RESIST,VIA ETCH,RAPID THERMAL ANNEAL,DENSIFY DIELECTRIC
valid_0198,STRIP PHOTORESIST,STRIP RESIST,CLEAN AFTER VIA ETCH,ELECTRICAL PARAMETRIC TEST,STRIP RESIST LEVEL 5
valid_0199,MEASURE VIA CD,DEPOSIT BARRIER METAL,DEPOSIT METAL 1,CLEAN AFTER VIA ETCH,BACKSIDE CLEAN
valid_0200,STRIP PHOTORESIST,STRIP RESIST,MEASURE THICKNESS,MEASURE WAFER THICKNESS,VIA ETCH THROUGH DIELECTRIC
valid_0201,CMP INTERLAYER DIELECTRIC,CMP DIELECTRIC,MEASURE DIELECTRIC THICKNESS,MEASURE FILM THICKNESS,LOT RELEASE
valid_0202,DEPOSIT PASSIVATION LAYER,DEPOSIT PASSIVATION,MEASURE LINE WIDTH,CURE PASSIVATION,DEPOSIT METAL 1
valid_0203,SPIN COAT PHOTORESIST,MEASURE METAL THICKNESS,MEASURE POLY THICKNESS,MEASURE PLANARITY,OXIDE ETCH DRY
valid_0204,DEPOSIT PASSIVATION LAYER,DEPOSIT PASSIVATION,MEASURE LINE WIDTH,CURE PASSIVATION,DEPOSIT METAL 1
valid_0205,SPIN COAT PHOTORESIST,MEASURE METAL THICKNESS,POST EXPOSE BAKE,DEVELOP PHOTORESIST,MEASURE SURFACE PLANARITY
valid_0206,CURE PASSIVATION,EXPOSE LITHO LEVEL 6,DEPOSIT PASSIVATION LAYER,EPITAXIAL WAFER CHECK,PRE ANNEAL CHECK
valid_0207,CMP INTERLAYER DIELECTRIC,CMP DIELECTRIC,MEASURE DIELECTRIC THICKNESS,MEASURE SURFACE PLANARITY,MEASURE PLANARITY
valid_0208,DEPOSIT PASSIVATION LAYER,DEPOSIT PASSIVATION,MEASURE LINE WIDTH,DEPOSIT METAL 1,DEPOSIT TOP METAL
valid_0209,CMP INTERLAYER DIELECTRIC,CMP DIELECTRIC,MEASURE FILM THICKNESS,MEASURE DIELECTRIC THICKNESS,MEASURE SURFACE PLANARITY
valid_0210,DEPOSIT PASSIVATION LAYER,DEPOSIT PASSIVATION,MEASURE LINE WIDTH,DEPOSIT METAL 1,CURE PASSIVATION
valid_0211,MEASURE PLANARITY,MEASURE SURFACE PLANARITY,SPIN COAT PHOTORESIST,CMP INTERLAYER DIELECTRIC,RCA CLEAN 1
valid_0212,DEPOSIT PASSIVATION LAYER,DEPOSIT PASSIVATION,MEASURE LINE WIDTH,DEPOSIT METAL 1,MEASURE SURFACE UNIFORMITY
valid_0213,SPIN COAT PHOTORESIST,MEASURE METAL THICKNESS,POST EXPOSE BAKE,DEVELOP PHOTORESIST,MEASURE SURFACE PLANARITY
valid_0214,CURE PASSIVATION,EXPOSE LITHO LEVEL 6,DEPOSIT PASSIVATION LAYER,EPITAXIAL WAFER CHECK,PRE ANNEAL CHECK
valid_0215,MEASURE PLANARITY,MEASURE SURFACE PLANARITY,SPIN COAT PHOTORESIST,CMP INTERLAYER DIELECTRIC,OPEN BOND PAD WINDOW
valid_0216,MEASURE PASSIVATION QUALITY,MEASURE PASSIVATION THICKNESS,OPEN BOND PAD WINDOW,OPEN PAD WINDOW,MEASURE PLANARITY
valid_0217,CMP INTERLAYER DIELECTRIC,CMP DIELECTRIC,MEASURE DIELECTRIC THICKNESS,MEASURE SURFACE PLANARITY,MEASURE PLANARITY
valid_0218,MEASURE LINE WIDTH,DEPOSIT PASSIVATION LAYER,DEPOSIT PASSIVATION,CLEAN AFTER METAL ETCH,DEPOSIT METAL 1
valid_0219,SOFT BAKE,SPIN COAT PHOTORESIST,FINAL LOT RELEASE,DEPOSIT METAL SEED,ANNEAL METAL
valid_0220,MEASURE PASSIVATION QUALITY,MEASURE PASSIVATION THICKNESS,OPEN BOND PAD WINDOW,OPEN PAD WINDOW,MEASURE PLANARITY
valid_0221,MEASURE PLANARITY,MEASURE SURFACE PLANARITY,SPIN COAT PHOTORESIST,CMP INTERLAYER DIELECTRIC,DEPOSIT INTERLAYER DIELECTRIC
valid_0222,MEASURE PASSIVATION QUALITY,MEASURE PASSIVATION THICKNESS,OPEN BOND PAD WINDOW,OPEN PAD WINDOW,MEASURE PLANARITY
valid_0223,MEASURE PLANARITY,MEASURE SURFACE PLANARITY,SPIN COAT PHOTORESIST,CMP INTERLAYER DIELECTRIC,DEPOSIT INTERLAYER DIELECTRIC
valid_0224,CURE PASSIVATION,EXPOSE LITHO LEVEL 6,EPITAXIAL WAFER CHECK,DEPOSIT PASSIVATION LAYER,PRE ANNEAL CHECK
valid_0225,SPIN COAT PHOTORESIST,MEASURE METAL THICKNESS,POST EXPOSE BAKE,MEASURE CD LEVEL 1,EXPOSE LITHO LEVEL 5
valid_0226,CURE PASSIVATION,EPITAXIAL WAFER CHECK,PAD WINDOW LITHO,PRE ANNEAL CHECK,OPEN PAD WINDOW LITHO
valid_0227,MEASURE DIELECTRIC THICKNESS,MEASURE FILM THICKNESS,CMP INTERLAYER DIELECTRIC,CMP DIELECTRIC,SPIN COAT PHOTORESIST
valid_0228,DEPOSIT PASSIVATION,DEPOSIT PASSIVATION LAYER,MEASURE LINE WIDTH,CURE PASSIVATION,LOT IDENTIFICATION
valid_0229,SPIN COAT PHOTORESIST,MEASURE METAL THICKNESS,VIA ETCH THROUGH DIELECTRIC,MEASURE POLY THICKNESS,MEASURE CD LEVEL 1
valid_0230,CURE PASSIVATION,RECEIVE WAFER LOT,PAD WINDOW LITHO,EPITAXIAL WAFER CHECK,METAL PATTERN INSPECTION
valid_0231,DENSIFY OXIDE,DENSIFY DIELECTRIC,DEPOSIT INTERLAYER DIELECTRIC,STRIP PHOTORESIST,MEASURE DIELECTRIC THICKNESS
valid_0232,MEASURE LINE WIDTH,DEPOSIT PASSIVATION LAYER,DEPOSIT PASSIVATION,MEASURE WINDOW CD,ELECTRICAL PARAMETRIC TEST
valid_0233,SOFT BAKE,SPIN COAT PHOTORESIST,DEPOSIT METAL SEED,FINAL LOT RELEASE,ALIGN MASK LEVEL 5
valid_0234,CURE PASSIVATION,EXPOSE LITHO LEVEL 6,PRE ANNEAL CHECK,DEPOSIT PASSIVATION LAYER,EPITAXIAL WAFER CHECK
valid_0235,CMP INTERLAYER DIELECTRIC,CMP DIELECTRIC,MEASURE DIELECTRIC THICKNESS,LOT RELEASE,MEASURE SURFACE PLANARITY
valid_0236,MEASURE LINE WIDTH,DEPOSIT PASSIVATION LAYER,DEPOSIT PASSIVATION,DEPOSIT METAL 1,CLEAN AFTER METAL ETCH
valid_0237,SPIN COAT PHOTORESIST,MEASURE METAL THICKNESS,MEASURE POLY THICKNESS,OXIDE ETCH DRY,OXIDE ETCH
valid_0238,CURE PASSIVATION,PAD WINDOW LITHO,EPITAXIAL WAFER CHECK,OPEN PAD WINDOW LITHO,ETCH SILICON OR OXIDE WINDOW
valid_0239,MEASURE PLANARITY,MEASURE SURFACE PLANARITY,SPIN COAT PHOTORESIST,RCA CLEAN 1,CMP INTERLAYER DIELECTRIC
valid_0240,CURE PASSIVATION,PAD WINDOW LITHO,EPITAXIAL WAFER CHECK,OPEN PAD WINDOW LITHO,DEPOSIT PASSIVATION
valid_0241,MEASURE DIELECTRIC THICKNESS,MEASURE FILM THICKNESS,CMP INTERLAYER DIELECTRIC,CMP DIELECTRIC,DENSIFY DIELECTRIC
valid_0242,CURE PASSIVATION,DEPOSIT BACKSIDE METAL,DEPOSIT PASSIVATION LAYER,EPITAXIAL WAFER CHECK,BACKSIDE RINSE
valid_0243,CMP INTERLAYER DIELECTRIC,CMP DIELECTRIC,MEASURE DIELECTRIC THICKNESS,MEASURE SURFACE PLANARITY,MEASURE PLANARITY
valid_0244,MEASURE LINE WIDTH,DEPOSIT PASSIVATION LAYER,DEPOSIT PASSIVATION,CLEAN AFTER METAL ETCH,IMPLANT LDD
valid_0245,SPIN COAT PHOTORESIST,MEASURE METAL THICKNESS,MEASURE PLANARITY,MEASURE POLY THICKNESS,VIA ETCH THROUGH DIELECTRIC
valid_0246,MEASURE PASSIVATION QUALITY,MEASURE PASSIVATION THICKNESS,OPEN BOND PAD WINDOW,OPEN PAD WINDOW,MEASURE PLANARITY
valid_0247,SPIN COAT PHOTORESIST,MEASURE METAL THICKNESS,OXIDE ETCH,MEASURE CD LEVEL 1,VIA ETCH THROUGH DIELECTRIC
valid_0248,CURE PASSIVATION,PRE ANNEAL CHECK,PAD WINDOW LITHO,ANNEAL METAL 1,EPITAXIAL WAFER CHECK
valid_0249,SOFT BAKE,SPIN COAT PHOTORESIST,CLEAN AFTER VIA ETCH,SWITCHING TEST,MEASURE PASSIVATION QUALITY
valid_0250,CURE PASSIVATION,PAD WINDOW LITHO,EXPOSE LITHO LEVEL 6,OPEN PAD WINDOW LITHO,EPITAXIAL WAFER CHECK
valid_0251,MEASURE PLANARITY,MEASURE SURFACE PLANARITY,SPIN COAT PHOTORESIST,CMP DIELECTRIC,DEPOSIT INTERLAYER DIELECTRIC
valid_0252,MEASURE PASSIVATION QUALITY,MEASURE PASSIVATION THICKNESS,OPEN BOND PAD WINDOW,OPEN PAD WINDOW,MEASURE PLANARITY
valid_0253,SPIN COAT PHOTORESIST,MEASURE METAL THICKNESS,OXIDE ETCH,VIA ETCH THROUGH DIELECTRIC,MEASURE PLANARITY
valid_0254,MEASURE PASSIVATION QUALITY,MEASURE PASSIVATION THICKNESS,OPEN BOND PAD WINDOW,OPEN PAD WINDOW,MEASURE PLANARITY
valid_0255,MEASURE PLANARITY,MEASURE SURFACE PLANARITY,SPIN COAT PHOTORESIST,CMP DIELECTRIC,DEPOSIT INTERLAYER DIELECTRIC
valid_0256,MEASURE PASSIVATION QUALITY,MEASURE PASSIVATION THICKNESS,OPEN BOND PAD WINDOW,OPEN PAD WINDOW,MEASURE PLANARITY
valid_0257,SPIN COAT PHOTORESIST,MEASURE METAL THICKNESS,POST EXPOSE BAKE,DEVELOP PHOTORESIST,EXPOSE LITHO LEVEL 5
valid_0258,CURE PASSIVATION,EPITAXIAL WAFER CHECK,RECEIVE WAFER LOT,DEPOSIT BACKSIDE METAL,PAD WINDOW LITHO
valid_0259,MEASURE PLANARITY,MEASURE SURFACE PLANARITY,SPIN COAT PHOTORESIST,CMP DIELECTRIC,DEPOSIT INTERLAYER DIELECTRIC
valid_0260,CURE PASSIVATION,EXPOSE LITHO LEVEL 6,EPITAXIAL WAFER CHECK,DEPOSIT PASSIVATION LAYER,PRE ANNEAL CHECK
valid_0261,MEASURE PLANARITY,MEASURE SURFACE PLANARITY,SPIN COAT PHOTORESIST,CMP INTERLAYER DIELECTRIC,DEPOSIT INTERLAYER DIELECTRIC
valid_0262,CURE PASSIVATION,EPITAXIAL WAFER CHECK,RECEIVE WAFER LOT,DEPOSIT BACKSIDE METAL,PRE ANNEAL CHECK
valid_0263,CMP INTERLAYER DIELECTRIC,CMP DIELECTRIC,MEASURE DIELECTRIC THICKNESS,MEASURE SURFACE PLANARITY,LOT RELEASE
valid_0264,CURE PASSIVATION,PAD WINDOW LITHO,PRE ANNEAL CHECK,DEPOSIT PASSIVATION,DEPOSIT BACKSIDE METAL
valid_0265,MEASURE DIELECTRIC THICKNESS,MEASURE FILM THICKNESS,CMP INTERLAYER DIELECTRIC,CMP DIELECTRIC,DENSIFY OXIDE
valid_0266,CURE PASSIVATION,DEPOSIT PASSIVATION LAYER,PAD WINDOW LITHO,EPITAXIAL WAFER CHECK,EXPOSE LITHO LEVEL 6
valid_0267,SOFT BAKE,SPIN COAT PHOTORESIST,FINAL LOT RELEASE,DEPOSIT METAL SEED,ANNEAL METAL
valid_0268,CURE PASSIVATION,EXPOSE LITHO LEVEL 6,DEPOSIT PASSIVATION LAYER,PRE ANNEAL CHECK,EPITAXIAL WAFER CHECK
valid_0269,SPIN COAT PHOTORESIST,MEASURE METAL THICKNESS,MEASURE POLY THICKNESS,OXIDE ETCH DRY,OXIDE ETCH
valid_0270,MEASURE PASSIVATION QUALITY,MEASURE PASSIVATION THICKNESS,OPEN BOND PAD WINDOW,OPEN PAD WINDOW,CURE PASSIVATION
valid_0271,MEASURE PLANARITY,MEASURE SURFACE PLANARITY,SPIN COAT PHOTORESIST,CMP INTERLAYER DIELECTRIC,DEPOSIT INTERLAYER DIELECTRIC
valid_0272,CURE PASSIVATION,PAD WINDOW LITHO,EPITAXIAL WAFER CHECK,OPEN PAD WINDOW LITHO,ETCH SILICON OR OXIDE WINDOW
valid_0273,MEASURE DIELECTRIC THICKNESS,MEASURE FILM THICKNESS,CMP INTERLAYER DIELECTRIC,CMP DIELECTRIC,DENSIFY OXIDE
valid_0274,DEPOSIT PASSIVATION LAYER,DEPOSIT PASSIVATION,MEASURE LINE WIDTH,DEPOSIT METAL 1,CURE PASSIVATION
valid_0275,SPIN COAT PHOTORESIST,MEASURE METAL THICKNESS,MEASURE POLY THICKNESS,VIA ETCH THROUGH DIELECTRIC,MEASURE CD LEVEL 1
valid_0276,CURE PASSIVATION,EXPOSE LITHO LEVEL 6,DEPOSIT PASSIVATION LAYER,PRE ANNEAL CHECK,PAD WINDOW LITHO
valid_0277,SPIN COAT PHOTORESIST,MEASURE METAL THICKNESS,OXIDE ETCH,MEASURE PLANARITY,MEASURE POLY THICKNESS
valid_0278,MEASURE PASSIVATION QUALITY,MEASURE PASSIVATION THICKNESS,OPEN BOND PAD WINDOW,OPEN PAD WINDOW,MEASURE PLANARITY
valid_0279,SPIN COAT PHOTORESIST,MEASURE METAL THICKNESS,MEASURE POLY THICKNESS,OXIDE ETCH DRY,MEASURE PLANARITY
valid_0280,CURE PASSIVATION,PAD WINDOW LITHO,EPITAXIAL WAFER CHECK,EXPOSE LITHO LEVEL 6,OPEN PAD WINDOW LITHO
valid_0281,DENSIFY OXIDE,DENSIFY DIELECTRIC,STRIP PHOTORESIST,DEPOSIT INTERLAYER DIELECTRIC,STRIP RESIST
valid_0282,CLEAN AFTER METAL ETCH,CLEAN PAD OPENING,MEASURE LINE WIDTH,ALIGN MASK LEVEL 6,METAL PATTERN INSPECTION
valid_0283,MEASURE PLANARITY,MEASURE SURFACE PLANARITY,SPIN COAT PHOTORESIST,CMP INTERLAYER DIELECTRIC,OPEN BOND PAD WINDOW
valid_0284,CURE PASSIVATION,EPITAXIAL WAFER CHECK,RECEIVE WAFER LOT,DEPOSIT PASSIVATION,PRE ANNEAL CHECK
valid_0285,MEASURE DIELECTRIC THICKNESS,MEASURE FILM THICKNESS,CMP DIELECTRIC,CMP INTERLAYER DIELECTRIC,SPIN COAT PHOTORESIST
valid_0286,DEPOSIT PASSIVATION LAYER,DEPOSIT PASSIVATION,MEASURE LINE WIDTH,CURE PASSIVATION,DEPOSIT METAL 1
valid_0287,EXPOSE LITHO LEVEL 5,EXPOSE LITHO LEVEL 4,EXPOSE LITHO LEVEL 3,DEVELOP PHOTORESIST,ELECTRICAL PARAMETRIC TEST
valid_0288,MEASURE PASSIVATION QUALITY,MEASURE PASSIVATION THICKNESS,OPEN BOND PAD WINDOW,OPEN PAD WINDOW,MEASURE PLANARITY
valid_0289,SPIN COAT PHOTORESIST,MEASURE METAL THICKNESS,MEASURE PLANARITY,OXIDE ETCH,MEASURE CD LEVEL 1
valid_0290,DEPOSIT PASSIVATION LAYER,DEPOSIT PASSIVATION,MEASURE LINE WIDTH,DEPOSIT METAL 1,CURE PASSIVATION
valid_0291,SPIN COAT PHOTORESIST,MEASURE METAL THICKNESS,MEASURE POLY THICKNESS,MEASURE PLANARITY,VIA ETCH THROUGH DIELECTRIC
valid_0292,CURE PASSIVATION,EXPOSE LITHO LEVEL 6,DEPOSIT PASSIVATION LAYER,PAD WINDOW LITHO,PRE ANNEAL CHECK
valid_0293,SPIN COAT PHOTORESIST,MEASURE METAL THICKNESS,MEASURE POLY THICKNESS,MEASURE CD LEVEL 1,OXIDE ETCH DRY
valid_0294,DEPOSIT PASSIVATION,DEPOSIT PASSIVATION LAYER,MEASURE LINE WIDTH,CURE PASSIVATION,DEPOSIT METAL 1
valid_0295,MEASURE PLANARITY,MEASURE SURFACE PLANARITY,SPIN COAT PHOTORESIST,DEPOSIT INTERLAYER DIELECTRIC,CMP INTERLAYER DIELECTRIC
valid_0296,CURE PASSIVATION,PAD WINDOW LITHO,OPEN PAD WINDOW LITHO,EXPOSE LITHO LEVEL 6,EPITAXIAL WAFER CHECK
valid_0297,MEASURE DIELECTRIC THICKNESS,MEASURE FILM THICKNESS,CMP INTERLAYER DIELECTRIC,CMP DIELECTRIC,DENSIFY DIELECTRIC
valid_0298,MEASURE LINE WIDTH,DEPOSIT PASSIVATION LAYER,DEPOSIT PASSIVATION,DEPOSIT METAL 1,ELECTRICAL PARAMETRIC TEST
valid_0299,MEASURE PLANARITY,MEASURE SURFACE PLANARITY,SPIN COAT PHOTORESIST,CMP INTERLAYER DIELECTRIC,OPEN BOND PAD WINDOW
valid_0300,CURE PASSIVATION,EPITAXIAL WAFER CHECK,RECEIVE WAFER LOT,DEPOSIT BACKSIDE METAL,PAD WINDOW LITHO
valid_0301,MEASURE PLANARITY,MEASURE SURFACE PLANARITY,SPIN COAT PHOTORESIST,DEPOSIT INTERLAYER DIELECTRIC,CMP INTERLAYER DIELECTRIC
valid_0302,CURE PASSIVATION,PAD WINDOW LITHO,DEPOSIT PASSIVATION LAYER,EXPOSE LITHO LEVEL 6,OPEN PAD WINDOW LITHO
valid_0303,MEASURE DIELECTRIC THICKNESS,MEASURE FILM THICKNESS,CMP INTERLAYER DIELECTRIC,CMP DIELECTRIC,DENSIFY DIELECTRIC
valid_0304,MEASURE LINE WIDTH,DEPOSIT PASSIVATION LAYER,DEPOSIT PASSIVATION,CLEAN AFTER METAL ETCH,MEASURE WINDOW CD
valid_0305,SPIN COAT PHOTORESIST,MEASURE METAL THICKNESS,EPITAXIAL WAFER CHECK,MEASURE SURFACE PLANARITY,POST EXPOSE BAKE
valid_0306,MEASURE PASSIVATION QUALITY,MEASURE PASSIVATION THICKNESS,OPEN BOND PAD WINDOW,OPEN PAD WINDOW,CURE PASSIVATION
valid_0307,MEASURE PLANARITY,MEASURE SURFACE PLANARITY,SPIN COAT PHOTORESIST,DEPOSIT INTERLAYER DIELECTRIC,CMP INTERLAYER DIELECTRIC
valid_0308,CURE PASSIVATION,DEPOSIT PASSIVATION LAYER,EPITAXIAL WAFER CHECK,PAD WINDOW LITHO,EXPOSE LITHO LEVEL 6
valid_0309,SPIN COAT PHOTORESIST,MEASURE METAL THICKNESS,OXIDE ETCH DRY,MEASURE CD LEVEL 1,VIA ETCH THROUGH DIELECTRIC
valid_0310,CURE PASSIVATION,EXPOSE LITHO LEVEL 6,PAD WINDOW LITHO,OPEN PAD WINDOW LITHO,EPITAXIAL WAFER CHECK
valid_0311,MEASURE PLANARITY,MEASURE SURFACE PLANARITY,SPIN COAT PHOTORESIST,DEPOSIT INTERLAYER DIELECTRIC,CMP INTERLAYER DIELECTRIC
valid_0312,CURE PASSIVATION,PAD WINDOW LITHO,DEPOSIT PASSIVATION LAYER,EXPOSE LITHO LEVEL 6,OPEN PAD WINDOW LITHO
valid_0313,CMP INTERLAYER DIELECTRIC,CMP DIELECTRIC,MEASURE DIELECTRIC THICKNESS,MEASURE FILM THICKNESS,LOT RELEASE
valid_0314,DEPOSIT PASSIVATION LAYER,DEPOSIT PASSIVATION,MEASURE LINE WIDTH,DEPOSIT METAL 1,CURE PASSIVATION
valid_0315,SPIN COAT PHOTORESIST,MEASURE METAL THICKNESS,MEASURE POLY THICKNESS,OXIDE ETCH,MEASURE CD LEVEL 1
valid_0316,MEASURE LINE WIDTH,DEPOSIT PASSIVATION LAYER,DEPOSIT PASSIVATION,CLEAN AFTER METAL ETCH,ELECTRICAL PARAMETRIC TEST
valid_0317,MEASURE DIELECTRIC THICKNESS,MEASURE FILM THICKNESS,CMP INTERLAYER DIELECTRIC,CMP DIELECTRIC,DENSIFY OXIDE
valid_0318,MEASURE PASSIVATION QUALITY,MEASURE PASSIVATION THICKNESS,OPEN BOND PAD WINDOW,OPEN PAD WINDOW,MEASURE POLY THICKNESS
valid_0319,MEASURE PLANARITY,MEASURE SURFACE PLANARITY,SPIN COAT PHOTORESIST,CMP INTERLAYER DIELECTRIC,MEASURE CONTACT RESISTANCE
valid_0320,CURE PASSIVATION,PRE ANNEAL CHECK,DEPOSIT BACKSIDE METAL,RECEIVE WAFER LOT,EPITAXIAL WAFER CHECK
valid_0321,SPIN COAT PHOTORESIST,MEASURE METAL THICKNESS,MEASURE PLANARITY,OXIDE ETCH,VIA ETCH THROUGH DIELECTRIC
valid_0322,CURE PASSIVATION,DEPOSIT PASSIVATION LAYER,PRE ANNEAL CHECK,PAD WINDOW LITHO,LEAKAGE TEST
valid_0323,SOFT BAKE,FINAL LOT RELEASE,MEASURE VIA CD,FINAL THICKNESS MEASURE,SPIN COAT PHOTORESIST
valid_0324,OPEN BOND PAD WINDOW,OPEN PAD WINDOW,MEASURE PASSIVATION QUALITY,PAD WINDOW LITHO,BACKSIDE GRIND
valid_0325,CMP INTERLAYER DIELECTRIC,CMP DIELECTRIC,MEASURE FILM THICKNESS,MEASURE DIELECTRIC THICKNESS,MEASURE SURFACE PLANARITY
valid_0326,DEPOSIT PASSIVATION LAYER,DEPOSIT PASSIVATION,MEASURE LINE WIDTH,ALIGN MASK LEVEL 6,DEPOSIT METAL 1
valid_0327,SPIN COAT PHOTORESIST,MEASURE METAL THICKNESS,MEASURE PLANARITY,OXIDE ETCH DRY,MEASURE POLY THICKNESS
valid_0328,CURE PASSIVATION,DEPOSIT BACKSIDE METAL,EXPOSE LITHO LEVEL 6,PAD WINDOW LITHO,DEPOSIT PASSIVATION LAYER
valid_0329,MEASURE PLANARITY,MEASURE SURFACE PLANARITY,SPIN COAT PHOTORESIST,CMP INTERLAYER DIELECTRIC,DEPOSIT INTERLAYER DIELECTRIC
valid_0330,MEASURE PASSIVATION QUALITY,MEASURE PASSIVATION THICKNESS,OPEN BOND PAD WINDOW,OPEN PAD WINDOW,MEASURE PLANARITY
valid_0331,MEASURE SURFACE PLANARITY,MEASURE PLANARITY,SPIN COAT PHOTORESIST,CMP DIELECTRIC,DEPOSIT INTERLAYER DIELECTRIC
valid_0332,CURE PASSIVATION,PAD WINDOW LITHO,RECEIVE WAFER LOT,EPITAXIAL WAFER CHECK,PRE ANNEAL CHECK
valid_0333,DENSIFY OXIDE,DENSIFY DIELECTRIC,DEPOSIT INTERLAYER DIELECTRIC,MEASURE DIELECTRIC THICKNESS,MEASURE BACKSIDE ROUGHNESS
valid_0334,MEASURE LINE WIDTH,DEPOSIT PASSIVATION LAYER,DEPOSIT PASSIVATION,ELECTRICAL PARAMETRIC TEST,CLEAN AFTER METAL ETCH
valid_0335,CMP INTERLAYER DIELECTRIC,CMP DIELECTRIC,MEASURE DIELECTRIC THICKNESS,MEASURE FILM THICKNESS,MEASURE SURFACE PLANARITY
valid_0336,MEASURE PASSIVATION QUALITY,MEASURE PASSIVATION THICKNESS,OPEN BOND PAD WINDOW,OPEN PAD WINDOW,MEASURE POLY THICKNESS
valid_0337,CMP INTERLAYER DIELECTRIC,CMP DIELECTRIC,MEASURE DIELECTRIC THICKNESS,MEASURE SURFACE PLANARITY,MEASURE PLANARITY
valid_0338,DEPOSIT PASSIVATION LAYER,DEPOSIT PASSIVATION,MEASURE LINE WIDTH,DEPOSIT METAL 1,CURE PASSIVATION
valid_0339,SOFT BAKE,FINAL LOT RELEASE,SPIN COAT PHOTORESIST,ANNEAL METAL,CMP VIA FILL
valid_0340,CURE PASSIVATION,PAD WINDOW LITHO,EPITAXIAL WAFER CHECK,OPEN PAD WINDOW LITHO,ANNEAL METAL
valid_0341,SPIN COAT PHOTORESIST,MEASURE METAL THICKNESS,EPITAXIAL WAFER CHECK,POST EXPOSE BAKE,MEASURE SURFACE PLANARITY
valid_0342,OPEN BOND PAD WINDOW,OPEN PAD WINDOW,SPIN COAT PHOTORESIST,OPEN PAD WINDOW LITHO,PAD WINDOW LITHO
valid_0343,SPIN COAT PHOTORESIST,MEASURE METAL THICKNESS,MEASURE POLY THICKNESS,MEASURE PLANARITY,OXIDE ETCH DRY
valid_0344,MEASURE PASSIVATION QUALITY,MEASURE PASSIVATION THICKNESS,OPEN BOND PAD WINDOW,OPEN PAD WINDOW,MEASURE POLY THICKNESS
valid_0345,SPIN COAT PHOTORESIST,MEASURE METAL THICKNESS,MEASURE POLY THICKNESS,MEASURE PLANARITY,OXIDE ETCH
valid_0346,MEASURE PASSIVATION QUALITY,MEASURE PASSIVATION THICKNESS,OPEN BOND PAD WINDOW,OPEN PAD WINDOW,MEASURE OXIDE QUALITY
valid_0347,CMP INTERLAYER DIELECTRIC,CMP DIELECTRIC,MEASURE DIELECTRIC THICKNESS,MEASURE FILM THICKNESS,LOT RELEASE
valid_0348,DEPOSIT PASSIVATION LAYER,DEPOSIT PASSIVATION,MEASURE LINE WIDTH,DEPOSIT METAL 1,MEASURE SURFACE UNIFORMITY
valid_0349,DEPOSIT INTERLAYER DIELECTRIC,DEPOSIT INTERLEVEL DIELECTRIC,MEASURE DEVICE PARAMETER,DEPOSIT TOP METAL,ANNEAL DIELECTRIC
valid_0350,CLEAN AFTER METAL ETCH,CLEAN PAD OPENING,MEASURE LINE WIDTH,ALIGN MASK LEVEL 6,CLEAN AFTER FIELD ETCH
valid_0351,CMP INTERLAYER DIELECTRIC,CMP DIELECTRIC,MEASURE DIELECTRIC THICKNESS,MEASURE FILM THICKNESS,MEASURE SURFACE PLANARITY
valid_0352,DEPOSIT PASSIVATION,DEPOSIT PASSIVATION LAYER,MEASURE LINE WIDTH,LOT IDENTIFICATION,MEASURE SURFACE UNIFORMITY
valid_0353,ALIGN MASK LEVEL 5,ALIGN MASK LEVEL 3,CLEAN AFTER VIA ETCH,EXPOSE LITHO LEVEL 5,OXIDE ETCH DRY
valid_0354,CURE PASSIVATION,DEPOSIT PASSIVATION LAYER,PAD WINDOW LITHO,EXPOSE LITHO LEVEL 6,EPITAXIAL WAFER CHECK
valid_0355,SPIN COAT PHOTORESIST,MEASURE METAL THICKNESS,OXIDE ETCH,MEASURE PLANARITY,MEASURE CD LEVEL 1
valid_0356,MEASURE LINE WIDTH,DEPOSIT PASSIVATION LAYER,DEPOSIT PASSIVATION,CLEAN AFTER METAL ETCH,ELECTRICAL PARAMETRIC TEST
valid_0357,MEASURE PLANARITY,MEASURE SURFACE PLANARITY,SPIN COAT PHOTORESIST,CMP DIELECTRIC,RCA CLEAN 1
valid_0358,CURE PASSIVATION,PAD WINDOW LITHO,EPITAXIAL WAFER CHECK,DEPOSIT PASSIVATION,OPEN PAD WINDOW LITHO
valid_0359,SPIN COAT PHOTORESIST,MEASURE METAL THICKNESS,MEASURE POLY THICKNESS,OXIDE ETCH,MEASURE PLANARITY
valid_0360,CURE PASSIVATION,PAD WINDOW LITHO,OPEN PAD WINDOW LITHO,EXPOSE LITHO LEVEL 6,LEAKAGE TEST
valid_0361,SPIN COAT PHOTORESIST,MEASURE METAL THICKNESS,MEASURE POLY THICKNESS,MEASURE PLANARITY,OXIDE ETCH
valid_0362,CURE PASSIVATION,PAD WINDOW LITHO,OPEN PAD WINDOW LITHO,EXPOSE LITHO LEVEL 6,EPITAXIAL WAFER CHECK
valid_0363,MEASURE DIELECTRIC THICKNESS,MEASURE FILM THICKNESS,CMP INTERLAYER DIELECTRIC,CMP DIELECTRIC,DENSIFY OXIDE
valid_0364,MEASURE LINE WIDTH,DEPOSIT PASSIVATION LAYER,DEPOSIT PASSIVATION,ELECTRICAL PARAMETRIC TEST,CLEAN AFTER METAL ETCH
valid_0365,ALIGN MASK LEVEL 5,EXPOSE LITHO LEVEL 5,ALIGN MASK LEVEL 3,ALIGN MASK LEVEL 6,CLEAN AFTER VIA ETCH
valid_0366,DEPOSIT PASSIVATION,DEPOSIT PASSIVATION LAYER,MEASURE LINE WIDTH,CURE PASSIVATION,DEPOSIT METAL 1
valid_0367,MEASURE PLANARITY,MEASURE SURFACE PLANARITY,SPIN COAT PHOTORESIST,CMP INTERLAYER DIELECTRIC,DEPOSIT INTERLAYER DIELECTRIC
valid_0368,MEASURE PASSIVATION QUALITY,MEASURE PASSIVATION THICKNESS,OPEN BOND PAD WINDOW,OPEN PAD WINDOW,MEASURE POLY THICKNESS
valid_0369,SPIN COAT PHOTORESIST,MEASURE METAL THICKNESS,POST EXPOSE BAKE,MEASURE SURFACE PLANARITY,EPITAXIAL WAFER CHECK
valid_0370,CURE PASSIVATION,EPITAXIAL WAFER CHECK,PAD WINDOW LITHO,DEPOSIT PASSIVATION,DENSIFY OXIDE
valid_0371,CMP INTERLAYER DIELECTRIC,CMP DIELECTRIC,MEASURE DIELECTRIC THICKNESS,MEASURE FILM THICKNESS,MEASURE SURFACE PLANARITY
valid_0372,DEPOSIT PASSIVATION LAYER,DEPOSIT PASSIVATION,MEASURE LINE WIDTH,DEPOSIT METAL 1,CURE PASSIVATION
valid_0373,SPIN COAT PHOTORESIST,MEASURE METAL THICKNESS,VIA ETCH THROUGH DIELECTRIC,MEASURE PLANARITY,OXIDE ETCH
valid_0374,CURE PASSIVATION,PAD WINDOW LITHO,DEPOSIT BACKSIDE METAL,OPEN PAD WINDOW LITHO,PRE ANNEAL CHECK
valid_0375,MEASURE DEVICE PARAMETER,DEPOSIT INTERLAYER DIELECTRIC,DEPOSIT INTERLEVEL DIELECTRIC,MEASURE SHEET RESISTANCE,MEASURE JUNCTION PROFILE
valid_0376,CLEAN AFTER METAL ETCH,ALIGN MASK LEVEL 6,CLEAN PAD OPENING,METAL ETCH DRY,CLEAN AFTER WINDOW ETCH
valid_0377,CMP INTERLAYER DIELECTRIC,CMP DIELECTRIC,MEASURE DIELECTRIC THICKNESS,MEASURE SURFACE PLANARITY,MEASURE PLANARITY
valid_0378,CURE PASSIVATION,EPITAXIAL WAFER CHECK,PAD WINDOW LITHO,INSPECT PATTERN LEVEL 4,OPEN PAD WINDOW LITHO
valid_0379,SPIN COAT PHOTORESIST,MEASURE METAL THICKNESS,EPITAXIAL WAFER CHECK,OXIDE ETCH DRY,POST EXPOSE BAKE
valid_0380,MEASURE PASSIVATION QUALITY,MEASURE PASSIVATION THICKNESS,OPEN BOND PAD WINDOW,OPEN PAD WINDOW,MEASURE PLANARITY
valid_0381,MEASURE DIELECTRIC THICKNESS,MEASURE FILM THICKNESS,CMP INTERLAYER DIELECTRIC,CMP DIELECTRIC,DENSIFY DIELECTRIC
valid_0382,MEASURE LINE WIDTH,DEPOSIT PASSIVATION LAYER,DEPOSIT PASSIVATION,DEPOSIT METAL 1,CLEAN AFTER METAL ETCH
valid_0383,SOFT BAKE,SPIN COAT PHOTORESIST,DEVELOP PHOTORESIST,SWITCHING TEST,CMP VIA FILL
valid_0384,MEASURE PASSIVATION QUALITY,MEASURE PASSIVATION THICKNESS,OPEN BOND PAD WINDOW,OPEN PAD WINDOW,MEASURE PLANARITY
valid_0385,MEASURE PLANARITY,MEASURE SURFACE PLANARITY,SPIN COAT PHOTORESIST,CMP DIELECTRIC,DEPOSIT INTERLAYER DIELECTRIC
valid_0386,CURE PASSIVATION,PAD WINDOW LITHO,DEPOSIT PASSIVATION,EPITAXIAL WAFER CHECK,OPEN PAD WINDOW LITHO
valid_0387,ALIGN MASK LEVEL 5,ALIGN MASK LEVEL 3,EXPOSE LITHO LEVEL 5,CLEAN AFTER VIA ETCH,STRIP RESIST LEVEL 4
valid_0388,CURE PASSIVATION,PAD WINDOW LITHO,EPITAXIAL WAFER CHECK,OPEN PAD WINDOW LITHO,DEPOSIT PASSIVATION
valid_0389,MEASURE PLANARITY,MEASURE SURFACE PLANARITY,SPIN COAT PHOTORESIST,CMP DIELECTRIC,DEPOSIT INTERLAYER DIELECTRIC
valid_0390,CURE PASSIVATION,EPITAXIAL WAFER CHECK,PAD WINDOW LITHO,INSPECT PATTERN LEVEL 4,OPEN PAD WINDOW LITHO
valid_0391,SPIN COAT PHOTORESIST,MEASURE METAL THICKNESS,OXIDE ETCH DRY,EPITAXIAL WAFER CHECK,STRIP RESIST LEVEL 4
valid_0392,DEPOSIT PASSIVATION LAYER,DEPOSIT PASSIVATION,MEASURE LINE WIDTH,CURE PASSIVATION,DEPOSIT METAL 1
valid_0393,MEASURE SURFACE PLANARITY,MEASURE PLANARITY,SPIN COAT PHOTORESIST,CMP DIELECTRIC,DEPOSIT INTERLAYER DIELECTRIC
valid_0394,CURE PASSIVATION,EPITAXIAL WAFER CHECK,PAD WINDOW LITHO,OPEN PAD WINDOW LITHO,DEPOSIT PASSIVATION
valid_0395,SPIN COAT PHOTORESIST,MEASURE METAL THICKNESS,EPITAXIAL WAFER CHECK,MEASURE SURFACE PLANARITY,STRIP RESIST LEVEL 4
valid_0396,MEASURE PASSIVATION QUALITY,MEASURE PASSIVATION THICKNESS,OPEN BOND PAD WINDOW,OPEN PAD WINDOW,MEASURE PLANARITY
valid_0397,CMP INTERLAYER DIELECTRIC,CMP DIELECTRIC,MEASURE DIELECTRIC THICKNESS,MEASURE FILM THICKNESS,MEASURE SURFACE PLANARITY
valid_0398,CURE PASSIVATION,EXPOSE LITHO LEVEL 6,DEPOSIT PASSIVATION LAYER,DEPOSIT BACKSIDE METAL,EPITAXIAL WAFER CHECK
valid_0399,MEASURE PLANARITY,MEASURE SURFACE PLANARITY,SPIN COAT PHOTORESIST,CMP INTERLAYER DIELECTRIC,DEPOSIT INTERLAYER DIELECTRIC
valid_0400,DEPOSIT PASSIVATION LAYER,DEPOSIT PASSIVATION,MEASURE LINE WIDTH,DEPOSIT METAL 1,CURE PASSIVATION
valid_0401,DEPOSIT TUNGSTEN SEED,DEPOSIT METAL SEED,FILL VIA TUNGSTEN,ALIGN MASK LEVEL 3,FINAL CLEAN
valid_0402,PASSIVATION ETCH,PASSIVATION ETCH PAD OPENING,METAL PATTERN INSPECTION,CLEAN PAD OPENING,EPITAXIAL LAYER PREP
valid_0403,MEASURE VIA CD,DEPOSIT BARRIER METAL,CLEAN AFTER VIA ETCH,DEPOSIT POLYSILICON,MEASURE CD LEVEL 1
valid_0404,PASSIVATION ETCH,PASSIVATION ETCH PAD OPENING,METAL PATTERN INSPECTION,DEVELOP PAD WINDOW,P BODY WINDOW INSPECTION
valid_0405,MEASURE VIA CD,DEPOSIT BARRIER METAL,MEASURE CD LEVEL 1,CLEAN AFTER VIA ETCH,DEPOSIT POLYSILICON
valid_0406,MEASURE PASSIVATION QUALITY,MEASURE PASSIVATION THICKNESS,OPEN BOND PAD WINDOW,OPEN PAD WINDOW,LOT RELEASE
valid_0407,STRIP PHOTORESIST,STRIP RESIST,VIA ETCH,STRIP RESIST LEVEL 4,STRIP RESIST LEVEL 3
valid_0408,MEASURE PASSIVATION QUALITY,MEASURE PASSIVATION THICKNESS,OPEN BOND PAD WINDOW,OPEN PAD WINDOW,LOT RELEASE
valid_0409,STRIP PHOTORESIST,STRIP RESIST,DIELECTRIC ETCH VIA,STRIP RESIST LEVEL 2,MEASURE PASSIVATION QUALITY
valid_0410,OPEN BOND PAD WINDOW,OPEN PAD WINDOW,OPEN PAD WINDOW LITHO,MEASURE PASSIVATION THICKNESS,PAD WINDOW LITHO
valid_0411,CLEAN AFTER VIA ETCH,MEASURE VIA CD,VIA INSPECTION,DEPOSIT BARRIER METAL,VIA ETCH THROUGH DIELECTRIC
valid_0412,OPEN BOND PAD WINDOW,OPEN PAD WINDOW,MEASURE PASSIVATION THICKNESS,OPEN PAD WINDOW LITHO,PAD WINDOW LITHO
valid_0413,STRIP PHOTORESIST,STRIP RESIST,STRIP RESIST LEVEL 3,VIA ETCH,DEVELOP PHOTORESIST
valid_0414,MEASURE PASSIVATION QUALITY,MEASURE PASSIVATION THICKNESS,OPEN BOND PAD WINDOW,OPEN PAD WINDOW,LOT RELEASE
valid_0415,CLEAN AFTER VIA ETCH,MEASURE VIA CD,DEPOSIT BARRIER METAL,VIA INSPECTION,CLEAN AFTER ETCH
valid_0416,DEVELOP PAD WINDOW,DEVELOP PHOTORESIST,POST EXPOSE BAKE,OPEN PAD WINDOW LITHO,STRIP RESIST
valid_0417,CLEAN AFTER VIA ETCH,MEASURE VIA CD,DEPOSIT BARRIER METAL,VIA INSPECTION,CLEAN AFTER ETCH
valid_0418,PASSIVATION ETCH,PASSIVATION ETCH PAD OPENING,STRIP PHOTORESIST,CLEAN PAD OPENING,STRIP RESIST
valid_0419,STRIP PHOTORESIST,STRIP RESIST,VIA ETCH,RAPID THERMAL ANNEAL,STRIP RESIST LEVEL 3
valid_0420,CURE PASSIVATION,MEASURE PASSIVATION QUALITY,PAD WINDOW LITHO,PRE ANNEAL CHECK,OPEN PAD WINDOW LITHO
valid_0421,DEPOSIT TUNGSTEN SEED,DEPOSIT METAL SEED,FILL VIA TUNGSTEN,DEPOSIT BARRIER METAL,ALIGN MASK LEVEL 3
valid_0422,PASSIVATION ETCH,PASSIVATION ETCH PAD OPENING,P BODY WINDOW INSPECTION,DEPOSIT BACKSIDE PROTECTION,CLEAN PAD OPENING
valid_0423,MEASURE VIA CD,DEPOSIT BARRIER METAL,MEASURE CD LEVEL 1,CLEAN AFTER VIA ETCH,DEPOSIT METAL 1
valid_0424,OPEN BOND PAD WINDOW,OPEN PAD WINDOW,MEASURE PASSIVATION QUALITY,SPIN COAT PHOTORESIST,MEASURE SURFACE DEFECTS
valid_0425,CLEAN AFTER VIA ETCH,DEPOSIT BARRIER METAL,MEASURE VIA CD,CLEAN AFTER ETCH,CLEAN AFTER POLY ETCH
valid_0426,PAD WINDOW LITHO,OPEN PAD WINDOW LITHO,OPEN BOND PAD WINDOW,ETCH WET BACKSIDE,MEASURE SURFACE DEFECTS
valid_0427,CLEAN AFTER VIA ETCH,VIA INSPECTION,MEASURE VIA CD,CLEAN AFTER ETCH,DEPOSIT BARRIER METAL
valid_0428,OPEN BOND PAD WINDOW,OPEN PAD WINDOW,MEASURE PASSIVATION QUALITY,SPIN COAT PHOTORESIST,OPEN PAD WINDOW LITHO
valid_0429,STRIP PHOTORESIST,STRIP RESIST,VIA ETCH THROUGH DIELECTRIC,STRIP RESIST LEVEL 3,STRIP RESIST LEVEL 2
valid_0430,PAD WINDOW LITHO,OPEN PAD WINDOW LITHO,OPEN BOND PAD WINDOW,IMPLANT P BODY,MEASURE CD LEVEL 1
valid_0431,MEASURE VIA CD,DEPOSIT BARRIER METAL,MEASURE CD LEVEL 1,CLEAN AFTER VIA ETCH,DEPOSIT POLYSILICON
valid_0432,PAD WINDOW LITHO,OPEN PAD WINDOW LITHO,OPEN BOND PAD WINDOW,MEASURE SURFACE DEFECTS,MEASURE CD LEVEL 1
valid_0433,STRIP PHOTORESIST,STRIP RESIST,VIA ETCH,STRIP RESIST LEVEL 3,DENSIFY DIELECTRIC
valid_0434,DEVELOP PAD WINDOW,DEVELOP PHOTORESIST,POST EXPOSE BAKE,PAD WINDOW LITHO,STRIP RESIST
valid_0435,DEPOSIT BARRIER METAL,MEASURE VIA CD,DEPOSIT POLYSILICON,BACKSIDE THINNING CHECK,DEPOSIT GATE OXIDE OR DIELECTRIC
valid_0436,PAD WINDOW LITHO,OPEN PAD WINDOW LITHO,OPEN PAD WINDOW,DEVELOP PHOTORESIST,DEVELOP PAD WINDOW
valid_0437,CLEAN AFTER VIA ETCH,MEASURE VIA CD,DEPOSIT BARRIER METAL,VIA INSPECTION,CLEAN AFTER ETCH
valid_0438,PAD WINDOW LITHO,OPEN PAD WINDOW LITHO,OPEN PAD WINDOW,DEVELOP PHOTORESIST,DEVELOP PAD WINDOW
valid_0439,CLEAN AFTER VIA ETCH,MEASURE VIA CD,DEPOSIT BARRIER METAL,VIA INSPECTION,CLEAN AFTER POLY ETCH
valid_0440,PAD WINDOW LITHO,OPEN PAD WINDOW LITHO,OPEN PAD WINDOW,DEVELOP PHOTORESIST,DEVELOP PAD WINDOW
valid_0441,STRIP PHOTORESIST,STRIP RESIST,VIA ETCH,STRIP RESIST LEVEL 3,RAPID THERMAL ANNEAL
valid_0442,OPEN BOND PAD WINDOW,OPEN PAD WINDOW,OPEN PAD WINDOW LITHO,MEASURE PASSIVATION THICKNESS,PAD WINDOW LITHO
valid_0443,DEPOSIT BARRIER METAL,MEASURE VIA CD,DEPOSIT POLYSILICON,DEPOSIT TUNGSTEN SEED,STRIP RESIST LEVEL 3
valid_0444,OPEN BOND PAD WINDOW,OPEN PAD WINDOW,MEASURE PASSIVATION THICKNESS,OPEN PAD WINDOW LITHO,PAD WINDOW LITHO
valid_0445,CLEAN AFTER VIA ETCH,MEASURE VIA CD,DEPOSIT BARRIER METAL,VIA INSPECTION,CLEAN AFTER FIELD ETCH
valid_0446,OPEN BOND PAD WINDOW,OPEN PAD WINDOW,MEASURE PASSIVATION QUALITY,OPEN PAD WINDOW LITHO,PAD WINDOW LITHO
valid_0447,CLEAN AFTER VIA ETCH,VIA INSPECTION,MEASURE VIA CD,DEPOSIT BARRIER METAL,VIA ETCH THROUGH DIELECTRIC
valid_0448,DEVELOP PAD WINDOW,DEVELOP PHOTORESIST,POST EXPOSE BAKE,PAD WINDOW LITHO,STRIP RESIST
valid_0449,CLEAN AFTER VIA ETCH,MEASURE VIA CD,DEPOSIT BARRIER METAL,VIA INSPECTION,VIA ETCH THROUGH DIELECTRIC
valid_0450,PAD WINDOW LITHO,OPEN PAD WINDOW LITHO,OPEN PAD WINDOW,ETCH WET BACKSIDE,DEVELOP PAD WINDOW
valid_0451,MEASURE VIA CD,DEPOSIT BARRIER METAL,MEASURE CD LEVEL 1,DEPOSIT METAL 1,CLEAN AFTER VIA ETCH
valid_0452,DEVELOP PAD WINDOW,DEVELOP PHOTORESIST,POST EXPOSE BAKE,OPEN PAD WINDOW LITHO,STRIP RESIST
valid_0453,MEASURE VIA CD,DEPOSIT BARRIER METAL,MEASURE CD LEVEL 1,CLEAN AFTER VIA ETCH,DEPOSIT POLYSILICON
valid_0454,PAD WINDOW LITHO,OPEN PAD WINDOW LITHO,OPEN PAD WINDOW,DEVELOP PHOTORESIST,DEVELOP PAD WINDOW
valid_0455,DEPOSIT BARRIER METAL,MEASURE VIA CD,DEPOSIT POLYSILICON,BACKSIDE THINNING CHECK,DEPOSIT GATE OXIDE OR DIELECTRIC
valid_0456,DEVELOP PAD WINDOW,DEVELOP PHOTORESIST,POST EXPOSE BAKE,PAD WINDOW LITHO,STRIP RESIST
valid_0457,STRIP PHOTORESIST,STRIP RESIST,EXPOSE LITHO LEVEL 3,STRIP RESIST LEVEL 3,DIELECTRIC ETCH VIA
valid_0458,MEASURE PASSIVATION QUALITY,MEASURE PASSIVATION THICKNESS,OPEN BOND PAD WINDOW,OPEN PAD WINDOW,LOT RELEASE
valid_0459,VIA ETCH THROUGH DIELECTRIC,HARD BAKE,DIELECTRIC ETCH VIA,VIA ETCH,VIA OPENING INSPECTION
valid_0460,MEASURE PASSIVATION QUALITY,MEASURE PASSIVATION THICKNESS,OPEN BOND PAD WINDOW,OPEN PAD WINDOW,LOT RELEASE
valid_0461,MEASURE VIA CD,DEPOSIT BARRIER METAL,CLEAN AFTER VIA ETCH,MEASURE CD LEVEL 1,DEPOSIT POLYSILICON
valid_0462,PAD WINDOW LITHO,OPEN PAD WINDOW LITHO,OPEN BOND PAD WINDOW,MEASURE SURFACE DEFECTS,MEASURE CD LEVEL 1
valid_0463,MEASURE VIA CD,DEPOSIT BARRIER METAL,CLEAN AFTER VIA ETCH,DEPOSIT POLYSILICON,RCA CLEAN 1
valid_0464,PAD WINDOW LITHO,OPEN PAD WINDOW LITHO,OPEN BOND PAD WINDOW,BACKSIDE DRY,MEASURE CD LEVEL 1
valid_0465,VIA ETCH THROUGH DIELECTRIC,HARD BAKE,DIELECTRIC ETCH VIA,VIA ETCH,VIA INSPECTION
valid_0466,CURE PASSIVATION,RECEIVE WAFER LOT,DEPOSIT PASSIVATION,PAD WINDOW LITHO,MEASURE PASSIVATION THICKNESS
valid_0467,CLEAN AFTER VIA ETCH,MEASURE VIA CD,DEPOSIT BARRIER METAL,CLEAN AFTER ETCH,VIA INSPECTION
valid_0468,OPEN BOND PAD WINDOW,OPEN PAD WINDOW,MEASURE PASSIVATION QUALITY,OPEN PAD WINDOW LITHO,PAD WINDOW LITHO
valid_0469,CLEAN AFTER VIA ETCH,MEASURE VIA CD,VIA INSPECTION,DEPOSIT BARRIER METAL,VIA ETCH THROUGH DIELECTRIC
valid_0470,OPEN BOND PAD WINDOW,OPEN PAD WINDOW,OPEN PAD WINDOW LITHO,MEASURE PASSIVATION QUALITY,PAD WINDOW LITHO
valid_0471,DEPOSIT BARRIER METAL,MEASURE VIA CD,DEPOSIT POLYSILICON,STRIP RESIST LEVEL 3,DEPOSIT TUNGSTEN SEED
valid_0472,PASSIVATION ETCH,PASSIVATION ETCH PAD OPENING,EPITAXIAL LAYER PREP,ALIGN MASK LEVEL 5,DEVELOP PAD WINDOW
valid_0473,STRIP PHOTORESIST,STRIP RESIST,STRIP RESIST LEVEL 3,DIELECTRIC ETCH VIA,STRIP RESIST LEVEL 2
valid_0474,MEASURE PASSIVATION QUALITY,MEASURE PASSIVATION THICKNESS,OPEN BOND PAD WINDOW,OPEN PAD WINDOW,LOT RELEASE
valid_0475,VIA ETCH THROUGH DIELECTRIC,DIELECTRIC ETCH VIA,VIA ETCH,HARD BAKE,CLEAN AFTER VIA ETCH
valid_0476,MEASURE PASSIVATION QUALITY,MEASURE PASSIVATION THICKNESS,OPEN BOND PAD WINDOW,OPEN PAD WINDOW,LOT RELEASE
valid_0477,CLEAN AFTER VIA ETCH,DEPOSIT BARRIER METAL,MEASURE VIA CD,VIA INSPECTION,CLEAN AFTER ETCH
valid_0478,OPEN BOND PAD WINDOW,OPEN PAD WINDOW,MEASURE PASSIVATION QUALITY,OPEN PAD WINDOW LITHO,PAD WINDOW LITHO
valid_0479,CLEAN AFTER VIA ETCH,DEPOSIT BARRIER METAL,MEASURE VIA CD,VIA INSPECTION,CLEAN AFTER ETCH
valid_0480,PAD WINDOW LITHO,OPEN PAD WINDOW LITHO,OPEN PAD WINDOW,DEVELOP PHOTORESIST,DEVELOP PAD WINDOW
valid_0481,MEASURE VIA CD,DEPOSIT BARRIER METAL,CLEAN AFTER VIA ETCH,MEASURE CD LEVEL 1,DEPOSIT POLYSILICON
valid_0482,OPEN BOND PAD WINDOW,OPEN PAD WINDOW,OPEN PAD WINDOW LITHO,PAD WINDOW LITHO,MEASURE PASSIVATION THICKNESS
valid_0483,DEPOSIT TUNGSTEN SEED,DEPOSIT METAL SEED,FILL VIA TUNGSTEN,DEPOSIT BARRIER METAL,WAFER CLEAN PRE PROCESS
valid_0484,DEVELOP PAD WINDOW,DEVELOP PHOTORESIST,POST EXPOSE BAKE,OPEN PAD WINDOW LITHO,WET CLEAN RCA2
valid_0485,DEPOSIT BARRIER METAL,MEASURE VIA CD,DEPOSIT POLYSILICON,BACKSIDE THINNING CHECK,DEPOSIT TUNGSTEN SEED
valid_0486,DEVELOP PAD WINDOW,DEVELOP PHOTORESIST,POST EXPOSE BAKE,OPEN PAD WINDOW LITHO,STRIP RESIST
valid_0487,CLEAN AFTER VIA ETCH,MEASURE VIA CD,DEPOSIT BARRIER METAL,VIA INSPECTION,CLEAN AFTER ETCH
valid_0488,MEASURE PASSIVATION QUALITY,MEASURE PASSIVATION THICKNESS,OPEN BOND PAD WINDOW,OPEN PAD WINDOW,LOT RELEASE
valid_0489,CLEAN AFTER VIA ETCH,DEPOSIT BARRIER METAL,VIA INSPECTION,MEASURE VIA CD,CLEAN AFTER ETCH
valid_0490,OPEN BOND PAD WINDOW,OPEN PAD WINDOW,MEASURE PASSIVATION QUALITY,OPEN PAD WINDOW LITHO,PAD WINDOW LITHO
valid_0491,STRIP PHOTORESIST,STRIP RESIST,VIA ETCH THROUGH DIELECTRIC,STRIP RESIST LEVEL 3,STRIP RESIST LEVEL 2
valid_0492,PAD WINDOW LITHO,OPEN PAD WINDOW LITHO,OPEN PAD WINDOW,MEASURE CD LEVEL 1,SPIN COAT PHOTORESIST
valid_0493,MEASURE VIA CD,DEPOSIT BARRIER METAL,CLEAN AFTER VIA ETCH,MEASURE CD LEVEL 1,DEPOSIT POLYSILICON
valid_0494,PAD WINDOW LITHO,OPEN PAD WINDOW LITHO,OPEN PAD WINDOW,DEVELOP PAD WINDOW,DEVELOP PHOTORESIST
valid_0495,CLEAN AFTER VIA ETCH,DEPOSIT BARRIER METAL,MEASURE VIA CD,CLEAN AFTER ETCH,VIA INSPECTION
valid_0496,MEASURE PASSIVATION QUALITY,MEASURE PASSIVATION THICKNESS,OPEN BOND PAD WINDOW,OPEN PAD WINDOW,LOT RELEASE
valid_0497,MEASURE VIA CD,DEPOSIT BARRIER METAL,CLEAN AFTER VIA ETCH,DEPOSIT POLYSILICON,RCA CLEAN 1
valid_0498,DEVELOP PAD WINDOW,DEVELOP PHOTORESIST,POST EXPOSE BAKE,PAD WINDOW LITHO,STRIP RESIST
valid_0499,CLEAN AFTER VIA ETCH,DEPOSIT BARRIER METAL,MEASURE VIA CD,VIA INSPECTION,CLEAN AFTER POLY ETCH
valid_0500,PAD WINDOW LITHO,OPEN PAD WINDOW LITHO,OPEN BOND PAD WINDOW,ETCH WET BACKSIDE,MEASURE SURFACE DEFECTS
valid_0501,CLEAN AFTER VIA ETCH,DEPOSIT BARRIER METAL,VIA INSPECTION,MEASURE VIA CD,CLEAN AFTER ETCH
valid_0502,PAD WINDOW LITHO,OPEN PAD WINDOW LITHO,OPEN PAD WINDOW,ETCH WET BACKSIDE,DEVELOP PAD WINDOW
valid_0503,DEPOSIT BARRIER METAL,MEASURE VIA CD,DEPOSIT POLYSILICON,STRIP RESIST LEVEL 3,DEPOSIT TUNGSTEN SEED
valid_0504,PASSIVATION ETCH,PASSIVATION ETCH PAD OPENING,CLEAN PAD OPENING,METAL PATTERN INSPECTION,DEPOSIT BACKSIDE PROTECTION
valid_0505,STRIP PHOTORESIST,STRIP RESIST,STRIP RESIST LEVEL 3,DIELECTRIC ETCH VIA,STRIP RESIST LEVEL 2
valid_0506,CURE PASSIVATION,DEPOSIT PASSIVATION LAYER,MEASURE PASSIVATION QUALITY,EPITAXIAL WAFER CHECK,PAD WINDOW LITHO
valid_0507,STRIP PHOTORESIST,STRIP RESIST,VIA ETCH THROUGH DIELECTRIC,STRIP RESIST LEVEL 2,STRIP RESIST LEVEL 3
valid_0508,DEVELOP PAD WINDOW,DEVELOP PHOTORESIST,POST EXPOSE BAKE,OPEN PAD WINDOW LITHO,MEASURE OPENING CD
valid_0509,CLEAN AFTER VIA ETCH,MEASURE VIA CD,DEPOSIT BARRIER METAL,VIA INSPECTION,CLEAN AFTER ETCH
valid_0510,MEASURE PASSIVATION QUALITY,MEASURE PASSIVATION THICKNESS,OPEN BOND PAD WINDOW,OPEN PAD WINDOW,INSPECT PATTERN LEVEL 1
valid_0511,VIA ETCH THROUGH DIELECTRIC,DIELECTRIC ETCH VIA,HARD BAKE,VIA ETCH,VIA OPENING INSPECTION
valid_0512,OPEN BOND PAD WINDOW,OPEN PAD WINDOW,MEASURE PASSIVATION THICKNESS,OPEN PAD WINDOW LITHO,FINAL THICKNESS MEASURE
valid_0513,MEASURE VIA CD,DEPOSIT BARRIER METAL,CLEAN AFTER VIA ETCH,DEPOSIT POLYSILICON,MEASURE CD LEVEL 1
valid_0514,PAD WINDOW LITHO,OPEN PAD WINDOW LITHO,OPEN PAD WINDOW,DEVELOP PAD WINDOW,DEVELOP PHOTORESIST
valid_0515,MEASURE VIA CD,DEPOSIT BARRIER METAL,CLEAN AFTER VIA ETCH,MEASURE CD LEVEL 1,DEPOSIT POLYSILICON
valid_0516,PAD WINDOW LITHO,OPEN PAD WINDOW LITHO,OPEN PAD WINDOW,DEVELOP PHOTORESIST,DEVELOP PAD WINDOW
valid_0517,MEASURE VIA CD,DEPOSIT BARRIER METAL,CLEAN AFTER VIA ETCH,MEASURE CD LEVEL 1,DEPOSIT POLYSILICON
valid_0518,DEVELOP PAD WINDOW,DEVELOP PHOTORESIST,POST EXPOSE BAKE,OPEN PAD WINDOW LITHO,WET CLEAN RCA2
valid_0519,MEASURE VIA CD,DEPOSIT BARRIER METAL,CLEAN AFTER VIA ETCH,MEASURE CD LEVEL 1,DEPOSIT POLYSILICON
valid_0520,PAD WINDOW LITHO,OPEN PAD WINDOW LITHO,OPEN PAD WINDOW,DEVELOP PHOTORESIST,DEVELOP PAD WINDOW
valid_0521,MEASURE VIA CD,DEPOSIT BARRIER METAL,MEASURE SHEET RESISTANCE,MEASURE CD LEVEL 1,DEPOSIT POLYSILICON
valid_0522,DEVELOP PAD WINDOW,DEVELOP PHOTORESIST,POST EXPOSE BAKE,PAD WINDOW LITHO,MEASURE OPENING CD
valid_0523,STRIP PHOTORESIST,STRIP RESIST,STRIP RESIST LEVEL 2,STRIP RESIST LEVEL 4,STRIP RESIST LEVEL 3
valid_0524,OPEN BOND PAD WINDOW,OPEN PAD WINDOW,MEASURE PASSIVATION THICKNESS,OPEN PAD WINDOW LITHO,PAD WINDOW LITHO
valid_0525,MEASURE VIA CD,DEPOSIT BARRIER METAL,CLEAN AFTER VIA ETCH,MEASURE CD LEVEL 1,DEPOSIT POLYSILICON
valid_0526,DEVELOP PAD WINDOW,DEVELOP PHOTORESIST,POST EXPOSE BAKE,OPEN PAD WINDOW LITHO,STRIP RESIST
valid_0527,DEPOSIT BARRIER METAL,MEASURE VIA CD,DEPOSIT POLYSILICON,BACKSIDE THINNING CHECK,DEPOSIT GATE OXIDE OR DIELECTRIC
valid_0528,PAD WINDOW LITHO,OPEN PAD WINDOW LITHO,OPEN BOND PAD WINDOW,MEASURE SURFACE DEFECTS,MEASURE CD LEVEL 1
valid_0529,CLEAN AFTER VIA ETCH,MEASURE VIA CD,DEPOSIT BARRIER METAL,VIA INSPECTION,CLEAN PAD OPENING
valid_0530,CURE PASSIVATION,DEPOSIT PASSIVATION,EPITAXIAL WAFER CHECK,PAD WINDOW LITHO,METAL PATTERN INSPECTION
valid_0531,DEPOSIT BARRIER METAL,MEASURE VIA CD,DEPOSIT POLYSILICON,DEPOSIT TUNGSTEN SEED,STRIP RESIST LEVEL 3
valid_0532,PASSIVATION ETCH,PASSIVATION ETCH PAD OPENING,METAL PATTERN INSPECTION,CLEAN PAD OPENING,DEPOSIT BACKSIDE PROTECTION
valid_0533,DEPOSIT TUNGSTEN SEED,DEPOSIT METAL SEED,FILL VIA TUNGSTEN,POLYSILICON ETCH DRY,DEPOSIT BARRIER METAL
valid_0534,PASSIVATION ETCH PAD OPENING,PASSIVATION ETCH,CLEAN PAD OPENING,METAL PATTERN INSPECTION,EPITAXIAL LAYER PREP
valid_0535,DEPOSIT BARRIER METAL,MEASURE VIA CD,DEPOSIT POLYSILICON,DEPOSIT TUNGSTEN SEED,DEPOSIT METAL 1
valid_0536,PASSIVATION ETCH,PASSIVATION ETCH PAD OPENING,ALIGN MASK LEVEL 5,MEASURE PAD OPENING,EPITAXIAL LAYER PREP
valid_0537,MEASURE VIA CD,DEPOSIT BARRIER METAL,CLEAN AFTER VIA ETCH,MEASURE CD LEVEL 1,DEPOSIT POLYSILICON
valid_0538,DEVELOP PAD WINDOW,DEVELOP PHOTORESIST,POST EXPOSE BAKE,PAD WINDOW LITHO,STRIP RESIST
valid_0539,STRIP PHOTORESIST,STRIP RESIST,STRIP RESIST LEVEL 3,VIA ETCH,DENSIFY DIELECTRIC
valid_0540,OPEN BOND PAD WINDOW,OPEN PAD WINDOW,MEASURE PASSIVATION QUALITY,OPEN PAD WINDOW LITHO,SPIN COAT PHOTORESIST
valid_0541,STRIP PHOTORESIST,STRIP RESIST,VIA ETCH THROUGH DIELECTRIC,STRIP RESIST LEVEL 2,STRIP RESIST LEVEL 3
valid_0542,OPEN BOND PAD WINDOW,OPEN PAD WINDOW,MEASURE PASSIVATION QUALITY,OPEN PAD WINDOW LITHO,PAD WINDOW LITHO
valid_0543,MEASURE VIA CD,DEPOSIT BARRIER METAL,MEASURE CD LEVEL 1,CLEAN AFTER VIA ETCH,DEPOSIT POLYSILICON
valid_0544,OPEN BOND PAD WINDOW,OPEN PAD WINDOW,MEASURE PASSIVATION QUALITY,OPEN PAD WINDOW LITHO,PAD WINDOW LITHO
valid_0545,DEPOSIT BARRIER METAL,MEASURE VIA CD,DEPOSIT POLYSILICON,STRIP RESIST LEVEL 3,DEPOSIT TUNGSTEN SEED
valid_0546,DEVELOP PAD WINDOW,DEVELOP PHOTORESIST,POST EXPOSE BAKE,PAD WINDOW LITHO,STRIP RESIST
valid_0547,CLEAN AFTER VIA ETCH,MEASURE VIA CD,DEPOSIT BARRIER METAL,VIA INSPECTION,CLEAN AFTER ETCH
valid_0548,DEVELOP PAD WINDOW,DEVELOP PHOTORESIST,POST EXPOSE BAKE,PAD WINDOW LITHO,MEASURE OPENING CD
valid_0549,DEPOSIT TUNGSTEN SEED,DEPOSIT METAL SEED,FILL VIA TUNGSTEN,ALIGN MASK LEVEL 3,FINAL CLEAN
valid_0550,PASSIVATION ETCH,PASSIVATION ETCH PAD OPENING,METAL PATTERN INSPECTION,CLEAN PAD OPENING,EPITAXIAL LAYER PREP
valid_0551,CLEAN AFTER VIA ETCH,VIA INSPECTION,DEPOSIT BARRIER METAL,MEASURE VIA CD,MEASURE DIELECTRIC THICKNESS
valid_0552,PAD WINDOW LITHO,OPEN PAD WINDOW LITHO,OPEN PAD WINDOW,ETCH WET BACKSIDE,DEVELOP PAD WINDOW
valid_0553,MEASURE VIA CD,DEPOSIT BARRIER METAL,CLEAN AFTER VIA ETCH,MEASURE CD LEVEL 1,DEPOSIT POLYSILICON
valid_0554,PAD WINDOW LITHO,OPEN PAD WINDOW LITHO,OPEN BOND PAD WINDOW,MEASURE CD LEVEL 1,MEASURE SURFACE DEFECTS
valid_0555,VIA ETCH THROUGH DIELECTRIC,DIELECTRIC ETCH VIA,VIA ETCH,HARD BAKE,CLEAN AFTER VIA ETCH
valid_0556,OPEN BOND PAD WINDOW,OPEN PAD WINDOW,MEASURE PASSIVATION QUALITY,OPEN PAD WINDOW LITHO,PAD WINDOW LITHO
valid_0557,MEASURE VIA CD,DEPOSIT BARRIER METAL,MEASURE CD LEVEL 1,DEPOSIT POLYSILICON,CLEAN AFTER VIA ETCH
valid_0558,DEVELOP PAD WINDOW,DEVELOP PHOTORESIST,POST EXPOSE BAKE,PAD WINDOW LITHO,STRIP RESIST
valid_0559,MEASURE VIA CD,DEPOSIT BARRIER METAL,CLEAN AFTER VIA ETCH,MEASURE CD LEVEL 1,DEPOSIT POLYSILICON
valid_0560,PAD WINDOW LITHO,OPEN PAD WINDOW LITHO,DEVELOP PHOTORESIST,OPEN PAD WINDOW,DEVELOP PAD WINDOW
valid_0561,STRIP PHOTORESIST,STRIP RESIST,STRIP RESIST LEVEL 3,DIELECTRIC ETCH VIA,STRIP RESIST LEVEL 2
valid_0562,OPEN BOND PAD WINDOW,OPEN PAD WINDOW,MEASURE PASSIVATION THICKNESS,OPEN PAD WINDOW LITHO,MEASURE SHEET RESISTANCE
valid_0563,CLEAN AFTER VIA ETCH,MEASURE VIA CD,DEPOSIT BARRIER METAL,VIA INSPECTION,CLEAN AFTER FIELD ETCH
valid_0564,OPEN BOND PAD WINDOW,OPEN PAD WINDOW,MEASURE PASSIVATION QUALITY,OPEN PAD WINDOW LITHO,MEASURE SHEET RESISTANCE
valid_0565,STRIP PHOTORESIST,STRIP RESIST,VIA ETCH,STRIP RESIST LEVEL 3,RAPID THERMAL ANNEAL
valid_0566,OPEN BOND PAD WINDOW,OPEN PAD WINDOW,MEASURE PASSIVATION QUALITY,OPEN PAD WINDOW LITHO,MEASURE SHEET RESISTANCE
valid_0567,MEASURE VIA CD,DEPOSIT BARRIER METAL,MEASURE CD LEVEL 1,CLEAN AFTER VIA ETCH,DEPOSIT POLYSILICON
valid_0568,PAD WINDOW LITHO,OPEN PAD WINDOW LITHO,OPEN BOND PAD WINDOW,ETCH WET BACKSIDE,SPIN COAT PHOTORESIST
valid_0569,STRIP PHOTORESIST,STRIP RESIST,DIELECTRIC ETCH VIA,STRIP RESIST LEVEL 3,STRIP RESIST LEVEL 2
valid_0570,DEVELOP PAD WINDOW,DEVELOP PHOTORESIST,POST EXPOSE BAKE,PAD WINDOW LITHO,STRIP RESIST
valid_0571,STRIP PHOTORESIST,STRIP RESIST,VIA ETCH THROUGH DIELECTRIC,STRIP RESIST LEVEL 3,STRIP RESIST LEVEL 2
valid_0572,OPEN BOND PAD WINDOW,OPEN PAD WINDOW,MEASURE PASSIVATION QUALITY,OPEN PAD WINDOW LITHO,PAD WINDOW LITHO
valid_0573,CLEAN AFTER VIA ETCH,MEASURE VIA CD,DEPOSIT BARRIER METAL,VIA INSPECTION,CLEAN AFTER ETCH
valid_0574,OPEN BOND PAD WINDOW,OPEN PAD WINDOW,OPEN PAD WINDOW LITHO,PAD WINDOW LITHO,MEASURE PASSIVATION THICKNESS
valid_0575,MEASURE VIA CD,DEPOSIT BARRIER METAL,CLEAN AFTER VIA ETCH,MEASURE CD LEVEL 1,DEPOSIT POLYSILICON
valid_0576,DEVELOP PAD WINDOW,DEVELOP PHOTORESIST,POST EXPOSE BAKE,PAD WINDOW LITHO,STRIP RESIST
valid_0577,CLEAN AFTER VIA ETCH,MEASURE VIA CD,VIA INSPECTION,DEPOSIT BARRIER METAL,VIA ETCH THROUGH DIELECTRIC
valid_0578,DEVELOP PAD WINDOW,DEVELOP PHOTORESIST,POST EXPOSE BAKE,STRIP RESIST,PAD WINDOW LITHO
valid_0579,STRIP PHOTORESIST,STRIP RESIST,STRIP RESIST LEVEL 3,DIELECTRIC ETCH VIA,STRIP RESIST LEVEL 2
valid_0580,PAD WINDOW LITHO,OPEN PAD WINDOW LITHO,OPEN PAD WINDOW,BACKSIDE DRY,SPIN COAT PHOTORESIST
valid_0581,CLEAN AFTER VIA ETCH,VIA INSPECTION,MEASURE VIA CD,DEPOSIT BARRIER METAL,VIA ETCH THROUGH DIELECTRIC
valid_0582,PAD WINDOW LITHO,OPEN PAD WINDOW LITHO,OPEN BOND PAD WINDOW,SPIN COAT PHOTORESIST,ETCH WET BACKSIDE
valid_0583,VIA ETCH THROUGH DIELECTRIC,DIELECTRIC ETCH VIA,VIA ETCH,HARD BAKE,CLEAN AFTER VIA ETCH
valid_0584,OPEN BOND PAD WINDOW,OPEN PAD WINDOW,MEASURE PASSIVATION THICKNESS,OPEN PAD WINDOW LITHO,SPIN COAT PHOTORESIST
valid_0585,STRIP PHOTORESIST,STRIP RESIST,VIA ETCH THROUGH DIELECTRIC,STRIP RESIST LEVEL 2,STRIP RESIST LEVEL 3
valid_0586,PAD WINDOW LITHO,OPEN PAD WINDOW LITHO,OPEN PAD WINDOW,DEVELOP PHOTORESIST,DEVELOP PAD WINDOW
valid_0587,STRIP PHOTORESIST,STRIP RESIST,STRIP RESIST LEVEL 3,DIELECTRIC ETCH VIA,STRIP RESIST LEVEL 2
valid_0588,OPEN BOND PAD WINDOW,OPEN PAD WINDOW,MEASURE PASSIVATION THICKNESS,OPEN PAD WINDOW LITHO,MEASURE SHEET RESISTANCE
valid_0589,DEVELOP PHOTORESIST,POST EXPOSE BAKE,DEVELOP PAD WINDOW,MEASURE BACKSIDE ROUGHNESS,MEASURE VIA CD
valid_0590,CURE PASSIVATION,DEPOSIT PASSIVATION LAYER,EPITAXIAL WAFER CHECK,PRE ANNEAL CHECK,DENSIFY OXIDE
valid_0591,STRIP PHOTORESIST,STRIP RESIST,STRIP RESIST LEVEL 3,STRIP RESIST LEVEL 2,DIELECTRIC ETCH VIA
valid_0592,OPEN BOND PAD WINDOW,OPEN PAD WINDOW,MEASURE PASSIVATION THICKNESS,SPIN COAT PHOTORESIST,OPEN PAD WINDOW LITHO
valid_0593,STRIP PHOTORESIST,STRIP RESIST,VIA ETCH,STRIP RESIST LEVEL 3,RAPID THERMAL ANNEAL
valid_0594,PAD WINDOW LITHO,OPEN PAD WINDOW LITHO,OPEN BOND PAD WINDOW,MEASURE SURFACE DEFECTS,MEASURE CD LEVEL 1
valid_0595,CLEAN AFTER VIA ETCH,MEASURE VIA CD,DEPOSIT BARRIER METAL,VIA INSPECTION,CLEAN AFTER ETCH
valid_0596,DEVELOP PAD WINDOW,DEVELOP PHOTORESIST,POST EXPOSE BAKE,OPEN PAD WINDOW LITHO,STRIP RESIST
valid_0597,CLEAN AFTER VIA ETCH,MEASURE VIA CD,DEPOSIT BARRIER METAL,VIA INSPECTION,CLEAN AFTER FIELD ETCH
valid_0598,OPEN BOND PAD WINDOW,OPEN PAD WINDOW,MEASURE PASSIVATION THICKNESS,OPEN PAD WINDOW LITHO,SPIN COAT PHOTORESIST
valid_0599,CLEAN AFTER VIA ETCH,MEASURE VIA CD,DEPOSIT BARRIER METAL,VIA ETCH THROUGH DIELECTRIC,VIA INSPECTION
valid_0600,PAD WINDOW LITHO,OPEN PAD WINDOW LITHO,OPEN BOND PAD WINDOW,MEASURE CD LEVEL 1,MEASURE SURFACE DEFECTS
